Date,Name,Type,Open,High,Low,Close,Volume,Currency
2017-01-03,AMT,Real Estate,106.73,106.88,105.34,106.15,2240889,USD
2017-01-04,AMT,Real Estate,106.41,106.94,106.2,106.34,1720738,USD
2017-01-05,AMT,Real Estate,106.0,106.43,105.39,105.97,1919858,USD
2017-01-06,AMT,Real Estate,105.93,106.3,105.18,105.27,1995330,USD
2017-01-09,AMT,Real Estate,105.5,105.82,104.95,105.02,2278903,USD
2017-01-10,AMT,Real Estate,105.24,105.25,103.17,103.5,2267499,USD
2017-01-11,AMT,Real Estate,103.48,104.17,102.51,103.83,2631657,USD
2017-01-12,AMT,Real Estate,103.69,104.26,103.12,104.2,1568999,USD
2017-01-13,AMT,Real Estate,104.22,104.76,102.87,103.45,2058945,USD
2017-01-17,AMT,Real Estate,103.58,105.19,103.41,105.17,2055532,USD
2017-01-18,AMT,Real Estate,105.26,106.42,105.04,105.67,2078068,USD
2017-01-19,AMT,Real Estate,105.67,105.67,103.86,104.44,1747560,USD
2017-01-20,AMT,Real Estate,104.84,105.42,103.97,104.2,2598837,USD
2017-01-23,AMT,Real Estate,104.5,105.19,104.26,104.78,2222974,USD
2017-01-24,AMT,Real Estate,104.97,104.97,104.03,104.57,1823692,USD
2017-01-25,AMT,Real Estate,104.82,104.89,103.69,103.92,2053904,USD
2017-01-26,AMT,Real Estate,104.14,105.14,103.75,104.3,1272655,USD
2017-01-27,AMT,Real Estate,104.41,104.78,103.66,103.82,1207073,USD
2017-01-30,AMT,Real Estate,104.05,104.05,102.73,103.01,1509887,USD
2017-01-31,AMT,Real Estate,103.54,104.0,103.16,103.5,1376282,USD
2017-02-01,AMT,Real Estate,103.6,103.84,103.02,103.28,1906666,USD
2017-02-02,AMT,Real Estate,103.28,104.32,103.07,104.11,1322576,USD
2017-02-03,AMT,Real Estate,104.83,105.65,104.76,105.25,2988629,USD
2017-02-06,AMT,Real Estate,105.06,105.4,103.07,103.64,2141176,USD
2017-02-07,AMT,Real Estate,103.66,103.93,102.91,103.47,1344118,USD
2017-02-08,AMT,Real Estate,103.57,104.43,103.36,104.3,1301940,USD
2017-02-09,AMT,Real Estate,104.2,106.0,103.47,105.78,2525125,USD
2017-02-10,AMT,Real Estate,105.5,105.76,104.73,105.49,1228140,USD
2017-02-13,AMT,Real Estate,105.69,107.68,105.6,107.55,1975548,USD
2017-02-14,AMT,Real Estate,107.64,107.64,105.82,106.78,1580607,USD
2017-02-15,AMT,Real Estate,107.09,107.37,106.01,107.11,1362491,USD
2017-02-16,AMT,Real Estate,106.95,107.97,106.85,107.71,1322261,USD
2017-02-17,AMT,Real Estate,107.89,109.8,107.66,108.11,4991446,USD
2017-02-21,AMT,Real Estate,108.11,111.22,108.02,111.18,3012621,USD
2017-02-22,AMT,Real Estate,111.36,111.83,110.6,111.02,2207404,USD
2017-02-23,AMT,Real Estate,111.17,112.25,111.14,112.2,2233348,USD
2017-02-24,AMT,Real Estate,112.07,113.21,111.77,112.89,2589383,USD
2017-02-27,AMT,Real Estate,114.01,114.86,112.79,113.34,2895479,USD
2017-02-28,AMT,Real Estate,113.14,115.69,113.09,114.79,3001202,USD
2017-03-01,AMT,Real Estate,114.78,114.87,113.08,113.84,2799124,USD
2017-03-02,AMT,Real Estate,113.81,115.24,112.96,114.81,2592600,USD
2017-03-03,AMT,Real Estate,114.58,115.76,114.35,115.67,1395693,USD
2017-03-06,AMT,Real Estate,115.38,115.53,114.28,114.71,1809837,USD
2017-03-07,AMT,Real Estate,114.33,115.24,113.93,114.7,2404382,USD
2017-03-08,AMT,Real Estate,114.05,114.7,113.17,113.24,2010446,USD
2017-03-09,AMT,Real Estate,113.42,113.7,112.78,113.0,2015376,USD
2017-03-10,AMT,Real Estate,113.74,114.2,113.11,113.58,1509500,USD
2017-03-13,AMT,Real Estate,113.7,114.52,113.21,114.26,1597234,USD
2017-03-14,AMT,Real Estate,113.9,114.73,113.66,114.02,1416065,USD
2017-03-15,AMT,Real Estate,114.13,116.05,113.95,115.28,2112442,USD
2017-03-16,AMT,Real Estate,115.72,115.99,114.77,115.09,1814189,USD
2017-03-17,AMT,Real Estate,115.36,116.28,115.07,116.01,3237500,USD
2017-03-20,AMT,Real Estate,116.03,116.86,115.74,115.98,2033363,USD
2017-03-21,AMT,Real Estate,116.55,118.54,116.32,116.74,2853972,USD
2017-03-22,AMT,Real Estate,117.53,118.6,116.79,118.31,2850991,USD
2017-03-23,AMT,Real Estate,118.43,119.5,118.07,118.95,2624444,USD
2017-03-24,AMT,Real Estate,119.19,119.76,118.88,119.32,2475845,USD
2017-03-27,AMT,Real Estate,118.72,120.25,118.55,120.01,3023516,USD
2017-03-28,AMT,Real Estate,119.84,120.72,119.52,120.39,2259222,USD
2017-03-29,AMT,Real Estate,120.19,121.33,120.16,121.04,2265954,USD
2017-03-30,AMT,Real Estate,120.78,121.09,120.17,120.91,1795320,USD
2017-03-31,AMT,Real Estate,120.64,121.85,120.47,121.54,2714218,USD
2017-04-03,AMT,Real Estate,121.43,121.9,120.45,121.15,2071813,USD
2017-04-04,AMT,Real Estate,120.91,121.59,120.51,120.74,1710240,USD
2017-04-05,AMT,Real Estate,120.87,121.74,120.57,120.64,2020821,USD
2017-04-06,AMT,Real Estate,120.72,122.08,120.44,121.95,1859281,USD
2017-04-07,AMT,Real Estate,121.97,122.69,121.69,122.12,1974567,USD
2017-04-10,AMT,Real Estate,121.97,122.62,121.57,122.48,2030622,USD
2017-04-11,AMT,Real Estate,123.05,124.4,122.42,122.76,2465194,USD
2017-04-12,AMT,Real Estate,122.43,122.95,122.09,122.37,2435505,USD
2017-04-13,AMT,Real Estate,122.75,123.31,122.25,122.6,1902301,USD
2017-04-17,AMT,Real Estate,123.07,124.29,123.0,124.25,1873566,USD
2017-04-18,AMT,Real Estate,124.05,125.09,123.82,124.86,2440160,USD
2017-04-19,AMT,Real Estate,125.16,125.42,124.36,124.67,2331555,USD
2017-04-20,AMT,Real Estate,124.71,124.93,123.98,124.3,3566206,USD
2017-04-21,AMT,Real Estate,124.22,124.54,123.58,124.43,1623033,USD
2017-04-24,AMT,Real Estate,124.92,125.38,123.67,123.85,2255958,USD
2017-04-25,AMT,Real Estate,124.78,124.81,123.72,123.94,2242646,USD
2017-04-26,AMT,Real Estate,123.45,123.95,122.73,122.81,2142588,USD
2017-04-27,AMT,Real Estate,123.08,126.36,122.77,125.77,4901512,USD
2017-04-28,AMT,Real Estate,125.46,126.19,124.88,125.94,2850310,USD
2017-05-01,AMT,Real Estate,126.56,127.99,125.9,127.51,3284244,USD
2017-05-02,AMT,Real Estate,127.73,128.61,127.54,127.91,2622870,USD
2017-05-03,AMT,Real Estate,128.61,128.61,126.74,126.79,1775831,USD
2017-05-04,AMT,Real Estate,126.71,127.84,126.01,127.39,1664426,USD
2017-05-05,AMT,Real Estate,127.64,128.84,127.14,128.69,1638537,USD
2017-05-08,AMT,Real Estate,129.0,129.16,127.81,128.87,1347225,USD
2017-05-09,AMT,Real Estate,128.88,129.01,127.88,128.09,1480170,USD
2017-05-10,AMT,Real Estate,128.0,128.15,126.94,127.1,1525252,USD
2017-05-11,AMT,Real Estate,127.35,127.35,125.96,126.28,1789684,USD
2017-05-12,AMT,Real Estate,126.3,126.64,125.9,126.12,1585256,USD
2017-05-15,AMT,Real Estate,126.03,128.27,125.9,127.93,1605512,USD
2017-05-16,AMT,Real Estate,127.99,128.9,127.31,128.37,1262359,USD
2017-05-17,AMT,Real Estate,128.14,132.09,128.14,130.74,3462008,USD
2017-05-18,AMT,Real Estate,130.0,130.05,125.5,127.98,4041790,USD
2017-05-19,AMT,Real Estate,128.11,132.86,127.59,128.32,2726019,USD
2017-05-22,AMT,Real Estate,128.29,129.09,126.71,128.73,1449115,USD
2017-05-23,AMT,Real Estate,128.86,129.19,128.62,128.73,1331329,USD
2017-05-24,AMT,Real Estate,128.66,129.72,128.66,129.3,1498358,USD
2017-05-25,AMT,Real Estate,129.57,132.01,129.0,131.05,1457321,USD
2017-05-26,AMT,Real Estate,131.19,131.44,130.49,131.11,899239,USD
2017-05-30,AMT,Real Estate,131.01,137.12,130.8,132.12,2070872,USD
2017-05-31,AMT,Real Estate,132.48,133.66,131.13,131.19,2548875,USD
2017-06-01,AMT,Real Estate,131.95,131.97,131.0,131.83,1221915,USD
2017-06-02,AMT,Real Estate,132.43,133.1,131.79,132.49,1368069,USD
2017-06-05,AMT,Real Estate,132.34,132.64,131.16,131.61,1508055,USD
2017-06-06,AMT,Real Estate,131.73,132.52,131.24,131.7,1884096,USD
2017-06-07,AMT,Real Estate,131.77,132.08,130.1,131.82,1679786,USD
2017-06-08,AMT,Real Estate,132.12,132.19,129.38,130.97,1995680,USD
2017-06-09,AMT,Real Estate,130.43,131.71,129.81,130.28,1607233,USD
2017-06-12,AMT,Real Estate,128.97,129.94,125.24,129.18,2057906,USD
2017-06-13,AMT,Real Estate,129.25,130.28,128.93,130.19,1311809,USD
2017-06-14,AMT,Real Estate,131.34,131.96,130.17,130.5,1274668,USD
2017-06-15,AMT,Real Estate,129.52,131.56,129.16,130.87,1247371,USD
2017-06-16,AMT,Real Estate,131.14,132.25,130.56,131.95,1823773,USD
2017-06-19,AMT,Real Estate,132.29,132.98,131.63,132.33,1445895,USD
2017-06-20,AMT,Real Estate,132.18,132.68,130.5,131.2,1360863,USD
2017-06-21,AMT,Real Estate,131.19,131.44,130.32,130.61,1641921,USD
2017-06-22,AMT,Real Estate,131.0,131.54,130.65,130.87,1273687,USD
2017-06-23,AMT,Real Estate,130.98,131.93,130.58,131.88,1693954,USD
2017-06-26,AMT,Real Estate,132.2,132.52,131.1,132.46,1286119,USD
2017-06-27,AMT,Real Estate,134.6,136.06,133.99,135.75,4168813,USD
2017-06-28,AMT,Real Estate,135.65,136.29,134.27,134.53,2121636,USD
2017-06-29,AMT,Real Estate,133.33,133.33,131.82,132.82,1998731,USD
2017-06-30,AMT,Real Estate,132.93,133.67,132.18,132.32,2480269,USD
2017-07-03,AMT,Real Estate,132.62,133.17,130.82,131.41,1252798,USD
2017-07-05,AMT,Real Estate,131.27,132.51,131.05,132.25,1707672,USD
2017-07-06,AMT,Real Estate,131.56,132.13,131.0,131.54,1249176,USD
2017-07-07,AMT,Real Estate,132.08,133.8,131.37,133.14,1254168,USD
2017-07-10,AMT,Real Estate,133.64,133.66,131.2,131.21,1272078,USD
2017-07-11,AMT,Real Estate,131.18,131.82,130.91,130.93,1112646,USD
2017-07-12,AMT,Real Estate,131.8,134.25,131.46,133.88,1135419,USD
2017-07-13,AMT,Real Estate,133.88,134.49,133.56,134.14,955545,USD
2017-07-14,AMT,Real Estate,134.93,136.33,134.88,136.04,1202366,USD
2017-07-17,AMT,Real Estate,136.07,136.4,134.74,135.4,1458882,USD
2017-07-18,AMT,Real Estate,135.32,138.0,135.07,136.18,2272442,USD
2017-07-19,AMT,Real Estate,135.6,136.67,134.33,135.42,2757954,USD
2017-07-20,AMT,Real Estate,135.68,137.45,135.67,136.24,2082084,USD
2017-07-21,AMT,Real Estate,135.99,137.07,135.62,136.9,1542668,USD
2017-07-24,AMT,Real Estate,136.97,137.98,136.1,137.07,1367498,USD
2017-07-25,AMT,Real Estate,137.72,137.73,136.03,136.62,1205338,USD
2017-07-26,AMT,Real Estate,136.32,137.99,136.28,137.87,1337965,USD
2017-07-27,AMT,Real Estate,139.12,139.5,134.0,134.86,2933553,USD
2017-07-28,AMT,Real Estate,135.17,138.79,134.81,138.34,1972640,USD
2017-07-31,AMT,Real Estate,138.67,139.13,135.75,136.33,2386690,USD
2017-08-01,AMT,Real Estate,136.23,136.42,135.51,135.97,2374966,USD
2017-08-02,AMT,Real Estate,136.08,138.14,135.63,137.97,2409047,USD
2017-08-03,AMT,Real Estate,138.06,138.18,136.84,137.15,1661887,USD
2017-08-04,AMT,Real Estate,137.5,138.01,137.15,137.57,927911,USD
2017-08-07,AMT,Real Estate,137.38,138.16,136.95,138.07,976609,USD
2017-08-08,AMT,Real Estate,137.49,137.56,136.17,136.63,1333491,USD
2017-08-09,AMT,Real Estate,136.37,138.39,136.33,137.85,1319251,USD
2017-08-10,AMT,Real Estate,137.3,138.11,136.81,136.83,1032688,USD
2017-08-11,AMT,Real Estate,137.19,137.77,136.29,136.68,870814,USD
2017-08-14,AMT,Real Estate,137.4,140.02,137.4,139.97,1648458,USD
2017-08-15,AMT,Real Estate,139.66,140.16,138.92,139.69,1386099,USD
2017-08-16,AMT,Real Estate,140.0,141.13,139.68,141.09,1334558,USD
2017-08-17,AMT,Real Estate,141.03,141.51,139.65,139.65,956338,USD
2017-08-18,AMT,Real Estate,139.44,140.38,138.72,140.0,1114278,USD
2017-08-21,AMT,Real Estate,140.19,141.46,140.12,141.28,1545942,USD
2017-08-22,AMT,Real Estate,141.28,142.26,140.95,142.09,1030346,USD
2017-08-23,AMT,Real Estate,141.99,143.11,141.71,142.84,921582,USD
2017-08-24,AMT,Real Estate,143.05,144.26,142.51,143.8,1578994,USD
2017-08-25,AMT,Real Estate,144.72,146.09,143.98,144.24,1253977,USD
2017-08-28,AMT,Real Estate,144.29,146.12,144.29,145.78,1577274,USD
2017-08-29,AMT,Real Estate,145.09,146.63,144.89,145.89,1178480,USD
2017-08-30,AMT,Real Estate,145.65,147.64,145.32,147.52,1753040,USD
2017-08-31,AMT,Real Estate,147.38,148.71,146.88,148.05,2293248,USD
2017-09-01,AMT,Real Estate,148.33,148.33,145.23,145.77,1766073,USD
2017-09-05,AMT,Real Estate,145.97,147.15,145.67,146.94,1647240,USD
2017-09-06,AMT,Real Estate,147.0,147.31,146.07,146.07,1380669,USD
2017-09-07,AMT,Real Estate,146.31,147.03,146.02,146.99,1757397,USD
2017-09-08,AMT,Real Estate,146.8,146.8,144.44,144.99,2240630,USD
2017-09-11,AMT,Real Estate,146.42,146.85,144.62,146.18,2202033,USD
2017-09-12,AMT,Real Estate,146.14,146.29,143.85,144.83,2058798,USD
2017-09-13,AMT,Real Estate,144.93,145.03,143.39,143.7,2087636,USD
2017-09-14,AMT,Real Estate,142.82,143.1,141.41,142.85,2778967,USD
2017-09-15,AMT,Real Estate,143.06,145.14,142.87,145.01,3210562,USD
2017-09-18,AMT,Real Estate,145.02,146.23,144.53,144.77,1531283,USD
2017-09-19,AMT,Real Estate,144.78,145.58,138.78,140.98,5507598,USD
2017-09-20,AMT,Real Estate,141.16,141.62,139.47,140.4,2876833,USD
2017-09-21,AMT,Real Estate,140.53,140.88,139.4,139.4,1958422,USD
2017-09-22,AMT,Real Estate,138.21,139.18,137.17,137.78,3140681,USD
2017-09-25,AMT,Real Estate,137.81,138.37,137.07,137.39,1936226,USD
2017-09-26,AMT,Real Estate,137.4,137.95,134.11,136.42,2752279,USD
2017-09-27,AMT,Real Estate,136.02,136.39,134.51,134.74,2646577,USD
2017-09-28,AMT,Real Estate,134.29,136.14,133.74,136.1,1988566,USD
2017-09-29,AMT,Real Estate,135.72,137.18,135.61,136.68,1705810,USD
2017-10-02,AMT,Real Estate,137.03,137.65,135.66,135.86,1513396,USD
2017-10-03,AMT,Real Estate,136.0,137.2,135.86,136.66,1886290,USD
2017-10-04,AMT,Real Estate,136.9,139.65,136.69,138.84,1827045,USD
2017-10-05,AMT,Real Estate,139.12,139.93,139.0,139.25,1965858,USD
2017-10-06,AMT,Real Estate,138.51,139.13,137.38,139.11,1377189,USD
2017-10-09,AMT,Real Estate,139.0,139.11,137.52,137.94,2116159,USD
2017-10-10,AMT,Real Estate,138.16,138.45,136.87,137.09,2174380,USD
2017-10-11,AMT,Real Estate,137.02,138.99,137.02,137.93,2003833,USD
2017-10-12,AMT,Real Estate,137.99,140.33,137.38,140.03,1657947,USD
2017-10-13,AMT,Real Estate,140.75,140.91,139.27,139.97,1815697,USD
2017-10-16,AMT,Real Estate,139.71,140.68,138.8,139.59,1590185,USD
2017-10-17,AMT,Real Estate,139.65,140.34,138.07,139.13,1393115,USD
2017-10-18,AMT,Real Estate,138.95,139.14,137.41,137.48,1695804,USD
2017-10-19,AMT,Real Estate,137.42,139.0,137.05,138.39,2090614,USD
2017-10-20,AMT,Real Estate,138.78,140.23,138.2,139.07,1861514,USD
2017-10-23,AMT,Real Estate,138.63,139.25,137.74,138.75,1556942,USD
2017-10-24,AMT,Real Estate,139.0,139.07,137.21,138.03,1875276,USD
2017-10-25,AMT,Real Estate,137.67,138.13,136.6,137.33,1209868,USD
2017-10-26,AMT,Real Estate,138.06,139.24,137.41,138.45,1692740,USD
2017-10-27,AMT,Real Estate,139.29,140.14,138.15,139.03,1556173,USD
2017-10-30,AMT,Real Estate,138.76,144.8,138.41,142.87,5117861,USD
2017-10-31,AMT,Real Estate,139.92,144.33,138.3,143.67,2999176,USD
2017-11-01,AMT,Real Estate,144.25,144.66,140.39,140.81,2819702,USD
2017-11-02,AMT,Real Estate,140.65,142.96,140.52,142.44,1367581,USD
2017-11-03,AMT,Real Estate,141.83,142.41,140.23,142.1,1577293,USD
2017-11-06,AMT,Real Estate,145.04,150.96,144.96,150.16,3937144,USD
2017-11-07,AMT,Real Estate,149.99,150.79,146.83,150.66,2504645,USD
2017-11-08,AMT,Real Estate,150.3,155.28,150.15,152.72,2334794,USD
2017-11-09,AMT,Real Estate,151.8,153.01,150.56,151.82,1892053,USD
2017-11-10,AMT,Real Estate,151.33,151.8,148.46,150.54,1537162,USD
2017-11-13,AMT,Real Estate,151.27,152.8,148.62,150.04,2453057,USD
2017-11-14,AMT,Real Estate,150.05,150.97,148.34,149.49,1854935,USD
2017-11-15,AMT,Real Estate,149.55,149.84,146.8,148.93,1631512,USD
2017-11-16,AMT,Real Estate,149.89,150.17,147.83,148.4,2014041,USD
2017-11-17,AMT,Real Estate,147.97,148.85,145.57,145.87,2055046,USD
2017-11-20,AMT,Real Estate,146.35,147.19,145.63,146.22,1703972,USD
2017-11-21,AMT,Real Estate,146.38,147.3,145.64,146.59,1925536,USD
2017-11-22,AMT,Real Estate,146.38,146.87,145.0,145.31,1694710,USD
2017-11-24,AMT,Real Estate,145.76,147.66,145.42,147.3,887597,USD
2017-11-27,AMT,Real Estate,147.51,149.31,147.51,148.23,1489007,USD
2017-11-28,AMT,Real Estate,148.58,149.48,147.16,148.64,2373053,USD
2017-11-29,AMT,Real Estate,148.47,148.79,145.71,146.3,2197388,USD
2017-11-30,AMT,Real Estate,146.72,147.09,142.53,143.93,4200385,USD
2017-12-01,AMT,Real Estate,144.22,145.15,141.67,143.61,2009529,USD
2017-12-04,AMT,Real Estate,143.72,144.39,138.96,138.97,2238554,USD
2017-12-05,AMT,Real Estate,138.64,141.32,138.58,140.76,1734135,USD
2017-12-06,AMT,Real Estate,140.42,142.33,140.14,141.8,1113660,USD
2017-12-07,AMT,Real Estate,142.75,144.54,141.5,144.11,2174525,USD
2017-12-08,AMT,Real Estate,144.5,144.92,142.27,142.47,1698474,USD
2017-12-11,AMT,Real Estate,142.18,144.51,141.46,144.05,2274658,USD
2017-12-12,AMT,Real Estate,144.16,145.6,143.17,143.51,1859261,USD
2017-12-13,AMT,Real Estate,143.48,145.59,143.48,143.73,1726385,USD
2017-12-14,AMT,Real Estate,143.74,145.01,143.58,143.64,2114776,USD
2017-12-15,AMT,Real Estate,143.79,144.78,141.94,142.76,3648628,USD
2017-12-18,AMT,Real Estate,143.65,143.65,142.01,142.84,2027561,USD
2017-12-19,AMT,Real Estate,143.01,143.95,141.75,141.86,2284686,USD
2017-12-20,AMT,Real Estate,142.0,142.26,140.02,140.19,2577242,USD
2017-12-21,AMT,Real Estate,140.25,141.21,139.41,139.61,2579965,USD
2017-12-22,AMT,Real Estate,140.2,141.09,138.52,140.66,3069074,USD
2017-12-26,AMT,Real Estate,140.21,141.77,139.93,140.91,824471,USD
2017-12-27,AMT,Real Estate,140.61,142.25,140.34,141.56,1014451,USD
2017-12-28,AMT,Real Estate,141.65,143.32,141.55,142.91,1784800,USD
2017-12-29,AMT,Real Estate,143.16,143.51,142.5,142.67,1129500,USD
2018-01-02,AMT,Real Estate,143.16,143.22,140.91,141.13,1881211,USD
2018-01-03,AMT,Real Estate,141.05,142.5,140.86,141.68,1770593,USD
2018-01-04,AMT,Real Estate,141.44,141.96,139.58,139.61,1729564,USD
2018-01-05,AMT,Real Estate,140.23,140.7,139.59,140.51,2119359,USD
2018-01-08,AMT,Real Estate,140.66,143.24,140.66,142.01,1882127,USD
2018-01-09,AMT,Real Estate,142.1,142.25,140.86,141.05,1581550,USD
2018-01-10,AMT,Real Estate,140.41,140.6,136.03,137.61,3330524,USD
2018-01-11,AMT,Real Estate,138.0,138.01,134.51,134.97,3244102,USD
2018-01-12,AMT,Real Estate,135.39,135.5,132.54,133.0,3197282,USD
2018-01-16,AMT,Real Estate,133.24,138.0,133.24,135.63,3193909,USD
2018-01-17,AMT,Real Estate,136.12,137.16,135.55,136.64,1999706,USD
2018-01-18,AMT,Real Estate,136.58,136.67,134.72,135.19,3416403,USD
2018-01-19,AMT,Real Estate,135.9,137.68,134.75,137.62,3284691,USD
2018-01-22,AMT,Real Estate,137.69,139.24,137.41,139.24,1826817,USD
2018-01-23,AMT,Real Estate,139.51,141.44,139.2,141.2,2923425,USD
2018-01-24,AMT,Real Estate,141.1,142.68,141.01,141.76,3061531,USD
2018-01-25,AMT,Real Estate,142.46,143.06,141.5,142.96,2409540,USD
2018-01-26,AMT,Real Estate,143.14,145.13,142.84,145.13,2107947,USD
2018-01-29,AMT,Real Estate,144.9,145.99,143.68,144.33,3901721,USD
2018-01-30,AMT,Real Estate,143.88,145.66,142.84,145.15,2440014,USD
2018-01-31,AMT,Real Estate,145.41,148.84,145.24,147.7,3184697,USD
2018-02-01,AMT,Real Estate,148.02,149.36,146.54,147.06,2351036,USD
2018-02-02,AMT,Real Estate,146.44,146.74,144.23,145.22,2474550,USD
2018-02-05,AMT,Real Estate,144.14,146.29,141.77,142.04,3000876,USD
2018-02-06,AMT,Real Estate,140.28,142.17,137.63,140.17,3817038,USD
2018-02-07,AMT,Real Estate,139.85,142.33,139.24,140.0,2245859,USD
2018-02-08,AMT,Real Estate,139.88,140.93,133.46,133.57,3890078,USD
2018-02-09,AMT,Real Estate,134.35,136.93,130.37,136.05,3977336,USD
2018-02-12,AMT,Real Estate,136.99,137.23,133.83,136.23,3820973,USD
2018-02-13,AMT,Real Estate,136.03,136.92,134.86,136.31,3710257,USD
2018-02-14,AMT,Real Estate,135.03,135.9,132.62,135.48,4829308,USD
2018-02-15,AMT,Real Estate,135.56,136.93,133.04,136.22,3223301,USD
2018-02-16,AMT,Real Estate,135.86,141.05,135.8,140.02,3024737,USD
2018-02-20,AMT,Real Estate,139.16,140.7,138.67,139.24,2220485,USD
2018-02-21,AMT,Real Estate,139.43,140.25,137.34,137.44,2812090,USD
2018-02-22,AMT,Real Estate,137.96,140.48,137.23,138.98,3075900,USD
2018-02-23,AMT,Real Estate,139.6,141.87,138.87,141.87,1925002,USD
2018-02-26,AMT,Real Estate,142.14,142.95,142.08,142.74,2214061,USD
2018-02-27,AMT,Real Estate,142.72,142.99,135.81,140.7,4572523,USD
2018-02-28,AMT,Real Estate,141.31,141.62,139.31,139.33,4015611,USD
2018-03-01,AMT,Real Estate,139.0,139.62,134.91,135.37,3177951,USD
2018-03-02,AMT,Real Estate,134.63,134.75,132.02,134.0,3224579,USD
2018-03-05,AMT,Real Estate,133.27,137.24,133.27,136.81,2486090,USD
2018-03-06,AMT,Real Estate,136.73,140.43,136.21,138.88,3144476,USD
2018-03-07,AMT,Real Estate,137.99,140.84,137.63,140.0,2749973,USD
2018-03-08,AMT,Real Estate,140.51,142.87,140.11,142.74,3025499,USD
2018-03-09,AMT,Real Estate,142.67,144.32,142.53,143.58,2172253,USD
2018-03-12,AMT,Real Estate,143.31,145.7,143.31,145.08,2443005,USD
2018-03-13,AMT,Real Estate,145.32,150.12,145.32,146.25,2159068,USD
2018-03-14,AMT,Real Estate,146.5,147.32,145.59,146.46,2467355,USD
2018-03-15,AMT,Real Estate,146.98,147.43,145.91,146.65,2142766,USD
2018-03-16,AMT,Real Estate,146.37,147.2,145.37,146.55,4063123,USD
2018-03-19,AMT,Real Estate,146.26,146.62,144.02,145.12,2581653,USD
2018-03-20,AMT,Real Estate,145.38,147.68,145.38,146.31,2491059,USD
2018-03-21,AMT,Real Estate,146.81,146.81,142.18,142.33,2422311,USD
2018-03-22,AMT,Real Estate,141.87,145.19,141.28,143.01,2454067,USD
2018-03-23,AMT,Real Estate,142.98,144.84,141.91,142.27,2228627,USD
2018-03-26,AMT,Real Estate,144.23,145.51,142.61,145.21,2172577,USD
2018-03-27,AMT,Real Estate,145.14,147.15,142.97,144.46,3043186,USD
2018-03-28,AMT,Real Estate,144.31,146.21,144.06,144.3,2423063,USD
2018-03-29,AMT,Real Estate,144.8,145.82,143.61,145.34,2978285,USD
2018-04-02,AMT,Real Estate,145.73,146.99,142.78,143.83,2705360,USD
2018-04-03,AMT,Real Estate,144.09,144.87,140.39,141.42,3442378,USD
2018-04-04,AMT,Real Estate,140.98,143.55,140.24,143.05,1956481,USD
2018-04-05,AMT,Real Estate,143.0,145.61,142.85,144.08,2013386,USD
2018-04-06,AMT,Real Estate,143.51,144.4,141.47,142.16,1527390,USD
2018-04-09,AMT,Real Estate,142.36,145.01,142.36,143.19,1829726,USD
2018-04-10,AMT,Real Estate,143.5,144.18,135.14,137.4,6323576,USD
2018-04-11,AMT,Real Estate,136.36,141.7,136.34,139.92,2807615,USD
2018-04-12,AMT,Real Estate,140.8,140.8,137.6,138.38,2805301,USD
2018-04-13,AMT,Real Estate,138.9,140.42,138.12,138.9,1460389,USD
2018-04-16,AMT,Real Estate,139.79,140.04,137.95,138.52,2073224,USD
2018-04-17,AMT,Real Estate,139.27,142.07,138.32,141.02,2734506,USD
2018-04-18,AMT,Real Estate,140.81,141.15,139.67,139.81,1773365,USD
2018-04-19,AMT,Real Estate,139.17,139.61,136.68,137.42,2553131,USD
2018-04-20,AMT,Real Estate,136.97,138.9,136.24,136.62,2659251,USD
2018-04-23,AMT,Real Estate,137.3,138.4,136.78,138.2,1911348,USD
2018-04-24,AMT,Real Estate,138.72,139.16,136.16,136.96,2430031,USD
2018-04-25,AMT,Real Estate,136.15,136.95,135.36,135.73,1511866,USD
2018-04-26,AMT,Real Estate,136.32,137.71,135.91,136.84,1794522,USD
2018-04-27,AMT,Real Estate,134.75,135.81,133.53,135.24,2311137,USD
2018-04-30,AMT,Real Estate,134.95,137.74,134.51,136.36,2548633,USD
2018-05-01,AMT,Real Estate,137.07,138.66,133.85,135.1,3250088,USD
2018-05-02,AMT,Real Estate,134.39,137.73,134.39,136.47,2362766,USD
2018-05-03,AMT,Real Estate,135.78,137.96,135.04,137.58,1859024,USD
2018-05-04,AMT,Real Estate,137.19,139.7,137.19,138.85,1729760,USD
2018-05-07,AMT,Real Estate,138.75,139.79,137.32,138.14,1532413,USD
2018-05-08,AMT,Real Estate,137.77,138.03,135.85,137.01,3069677,USD
2018-05-09,AMT,Real Estate,137.16,138.22,136.2,137.95,1661393,USD
2018-05-10,AMT,Real Estate,138.89,141.01,138.38,139.89,1801934,USD
2018-05-11,AMT,Real Estate,140.0,140.43,138.4,138.86,1198129,USD
2018-05-14,AMT,Real Estate,138.8,139.43,137.48,138.29,1142795,USD
2018-05-15,AMT,Real Estate,137.32,137.88,135.27,136.7,2607796,USD
2018-05-16,AMT,Real Estate,136.85,137.34,135.89,136.47,1839925,USD
2018-05-17,AMT,Real Estate,137.0,137.43,136.03,136.85,1820363,USD
2018-05-18,AMT,Real Estate,136.72,138.66,135.99,137.05,3562524,USD
2018-05-21,AMT,Real Estate,137.64,137.72,136.24,137.38,1266887,USD
2018-05-22,AMT,Real Estate,137.6,137.6,135.87,137.15,2169121,USD
2018-05-23,AMT,Real Estate,137.17,137.53,136.2,136.83,1772453,USD
2018-05-24,AMT,Real Estate,136.94,137.54,135.06,135.5,1729785,USD
2018-05-25,AMT,Real Estate,135.72,137.69,135.64,136.33,1484623,USD
2018-05-29,AMT,Real Estate,135.7,136.75,134.87,135.97,2295449,USD
2018-05-30,AMT,Real Estate,135.94,138.29,135.62,137.83,1848107,USD
2018-05-31,AMT,Real Estate,137.25,138.57,135.98,138.37,4514493,USD
2018-06-01,AMT,Real Estate,138.2,138.81,136.85,138.52,1623672,USD
2018-06-04,AMT,Real Estate,139.49,140.25,138.79,140.06,1246413,USD
2018-06-05,AMT,Real Estate,140.06,140.42,137.75,138.91,2565215,USD
2018-06-06,AMT,Real Estate,139.37,139.52,137.58,139.04,1347027,USD
2018-06-07,AMT,Real Estate,139.07,139.35,137.59,138.18,1492956,USD
2018-06-08,AMT,Real Estate,138.58,139.25,137.82,138.58,3537375,USD
2018-06-11,AMT,Real Estate,138.5,140.64,138.08,139.64,1475110,USD
2018-06-12,AMT,Real Estate,138.58,141.25,138.0,141.14,2940907,USD
2018-06-13,AMT,Real Estate,140.66,140.66,136.03,136.46,2270371,USD
2018-06-14,AMT,Real Estate,136.79,138.93,136.5,138.35,2103459,USD
2018-06-15,AMT,Real Estate,138.7,140.2,138.25,138.56,3087797,USD
2018-06-18,AMT,Real Estate,137.33,138.34,136.74,138.23,1497821,USD
2018-06-19,AMT,Real Estate,137.61,140.3,137.48,139.08,2741721,USD
2018-06-20,AMT,Real Estate,138.97,141.0,138.45,140.54,2178386,USD
2018-06-21,AMT,Real Estate,140.65,141.82,140.34,141.68,1940766,USD
2018-06-22,AMT,Real Estate,142.38,143.34,140.89,142.82,2564092,USD
2018-06-25,AMT,Real Estate,142.56,143.06,141.33,142.15,2174152,USD
2018-06-26,AMT,Real Estate,142.48,143.44,141.96,143.17,3052530,USD
2018-06-27,AMT,Real Estate,143.32,144.19,142.92,143.35,2147741,USD
2018-06-28,AMT,Real Estate,143.35,144.41,142.58,144.26,2110251,USD
2018-06-29,AMT,Real Estate,143.43,145.0,142.65,144.17,1995806,USD
2018-07-02,AMT,Real Estate,144.33,144.73,142.71,144.67,1559546,USD
2018-07-03,AMT,Real Estate,144.69,145.04,142.76,143.03,1669614,USD
2018-07-05,AMT,Real Estate,143.77,145.71,143.39,145.67,1512363,USD
2018-07-06,AMT,Real Estate,145.54,146.33,144.91,145.81,1376605,USD
2018-07-09,AMT,Real Estate,144.83,145.02,141.72,142.18,2334404,USD
2018-07-10,AMT,Real Estate,141.5,144.04,139.17,143.54,3775278,USD
2018-07-11,AMT,Real Estate,142.98,144.39,142.7,143.41,1250377,USD
2018-07-12,AMT,Real Estate,143.57,144.75,143.07,143.76,1504603,USD
2018-07-13,AMT,Real Estate,143.77,144.62,142.93,143.23,953704,USD
2018-07-16,AMT,Real Estate,142.3,142.95,141.21,141.76,1644530,USD
2018-07-17,AMT,Real Estate,141.8,142.26,140.91,142.17,2995089,USD
2018-07-18,AMT,Real Estate,142.17,142.47,140.65,141.38,2046381,USD
2018-07-19,AMT,Real Estate,140.98,142.55,140.76,141.67,1505861,USD
2018-07-20,AMT,Real Estate,141.32,142.02,140.12,140.38,1787009,USD
2018-07-23,AMT,Real Estate,140.78,140.97,139.42,140.84,1457905,USD
2018-07-24,AMT,Real Estate,140.44,141.68,138.51,141.57,3230387,USD
2018-07-25,AMT,Real Estate,141.24,143.35,141.12,142.94,1572094,USD
2018-07-26,AMT,Real Estate,143.17,144.84,142.83,144.51,1618997,USD
2018-07-27,AMT,Real Estate,145.04,145.14,143.98,144.38,1424788,USD
2018-07-30,AMT,Real Estate,144.03,144.55,141.94,142.72,1963190,USD
2018-07-31,AMT,Real Estate,146.86,150.82,145.6,148.24,3924394,USD
2018-08-01,AMT,Real Estate,147.67,150.49,147.25,150.17,2766309,USD
2018-08-02,AMT,Real Estate,149.79,150.36,148.14,148.21,1877079,USD
2018-08-03,AMT,Real Estate,148.58,151.19,148.0,150.99,1672983,USD
2018-08-06,AMT,Real Estate,151.3,151.63,149.73,150.91,1272652,USD
2018-08-07,AMT,Real Estate,150.87,150.87,148.69,150.03,1418101,USD
2018-08-08,AMT,Real Estate,150.27,150.27,148.68,149.32,1060253,USD
2018-08-09,AMT,Real Estate,149.53,150.7,149.12,150.57,1231718,USD
2018-08-10,AMT,Real Estate,150.16,151.39,149.08,149.18,1259984,USD
2018-08-13,AMT,Real Estate,149.0,149.83,148.59,149.01,957926,USD
2018-08-14,AMT,Real Estate,149.16,149.87,148.58,149.11,1433543,USD
2018-08-15,AMT,Real Estate,149.09,149.86,148.41,149.54,1413930,USD
2018-08-16,AMT,Real Estate,149.97,150.56,149.52,149.72,1154226,USD
2018-08-17,AMT,Real Estate,149.89,151.21,149.71,151.17,1541981,USD
2018-08-20,AMT,Real Estate,151.62,151.92,150.52,150.79,1496325,USD
2018-08-21,AMT,Real Estate,150.61,150.82,148.94,149.28,1519957,USD
2018-08-22,AMT,Real Estate,149.27,149.69,147.5,148.11,1134443,USD
2018-08-23,AMT,Real Estate,148.43,148.72,147.19,147.38,1206611,USD
2018-08-24,AMT,Real Estate,147.38,148.53,147.38,148.06,1339896,USD
2018-08-27,AMT,Real Estate,148.56,149.05,147.75,148.37,1072793,USD
2018-08-28,AMT,Real Estate,148.05,150.11,147.89,150.1,1192447,USD
2018-08-29,AMT,Real Estate,150.29,151.26,150.17,150.45,1308952,USD
2018-08-30,AMT,Real Estate,150.63,150.88,148.6,148.94,1034133,USD
2018-08-31,AMT,Real Estate,149.13,150.17,148.74,149.12,965384,USD
2018-09-04,AMT,Real Estate,148.73,149.06,147.56,148.15,1171017,USD
2018-09-05,AMT,Real Estate,148.03,148.11,146.54,147.6,1667216,USD
2018-09-06,AMT,Real Estate,147.8,148.41,147.3,148.09,1304038,USD
2018-09-07,AMT,Real Estate,147.57,148.2,146.36,146.55,1510900,USD
2018-09-10,AMT,Real Estate,147.25,148.36,147.07,147.33,1312268,USD
2018-09-11,AMT,Real Estate,147.19,147.53,146.53,147.0,1194867,USD
2018-09-12,AMT,Real Estate,147.27,147.45,146.44,147.31,1359869,USD
2018-09-13,AMT,Real Estate,148.0,149.41,147.75,148.72,1676559,USD
2018-09-14,AMT,Real Estate,148.53,148.64,146.71,147.19,1182748,USD
2018-09-17,AMT,Real Estate,147.08,148.4,146.38,147.75,1507818,USD
2018-09-18,AMT,Real Estate,147.12,148.49,146.93,147.41,1108310,USD
2018-09-19,AMT,Real Estate,147.59,148.25,147.33,147.58,1247501,USD
2018-09-20,AMT,Real Estate,147.61,148.86,146.86,148.73,1021373,USD
2018-09-21,AMT,Real Estate,148.51,149.6,148.32,148.49,2793344,USD
2018-09-24,AMT,Real Estate,148.0,148.08,145.91,146.38,1258039,USD
2018-09-25,AMT,Real Estate,146.29,146.63,145.48,145.7,1127525,USD
2018-09-26,AMT,Real Estate,145.51,145.93,143.69,143.95,1378358,USD
2018-09-27,AMT,Real Estate,143.71,144.61,143.3,143.39,1530527,USD
2018-09-28,AMT,Real Estate,143.35,145.43,143.35,145.3,1523444,USD
2018-10-01,AMT,Real Estate,146.09,146.09,143.96,144.03,971473,USD
2018-10-02,AMT,Real Estate,144.04,144.6,143.11,144.13,1043427,USD
2018-10-03,AMT,Real Estate,144.15,145.75,142.75,143.91,1909981,USD
2018-10-04,AMT,Real Estate,143.73,144.81,142.36,144.44,1507945,USD
2018-10-05,AMT,Real Estate,144.81,146.3,144.32,144.75,1625938,USD
2018-10-08,AMT,Real Estate,145.05,146.92,145.0,145.79,1760835,USD
2018-10-09,AMT,Real Estate,146.04,147.89,145.37,147.65,1782209,USD
2018-10-10,AMT,Real Estate,146.58,147.75,145.5,145.5,3517146,USD
2018-10-11,AMT,Real Estate,145.85,146.25,140.4,140.68,2484257,USD
2018-10-12,AMT,Real Estate,142.09,143.78,140.82,142.05,2219810,USD
2018-10-15,AMT,Real Estate,141.78,144.25,141.51,142.73,1289637,USD
2018-10-16,AMT,Real Estate,143.15,146.36,142.69,145.69,1303074,USD
2018-10-17,AMT,Real Estate,145.23,147.13,144.43,146.68,1736977,USD
2018-10-18,AMT,Real Estate,146.49,148.15,145.77,146.79,1515769,USD
2018-10-19,AMT,Real Estate,147.14,150.95,146.9,150.15,2450653,USD
2018-10-22,AMT,Real Estate,150.1,150.68,148.96,149.25,1996789,USD
2018-10-23,AMT,Real Estate,149.1,151.28,148.43,150.85,2179067,USD
2018-10-24,AMT,Real Estate,150.62,152.87,149.75,151.97,3056302,USD
2018-10-25,AMT,Real Estate,151.9,153.94,150.42,153.51,2628144,USD
2018-10-26,AMT,Real Estate,152.46,152.77,148.74,149.61,3639017,USD
2018-10-29,AMT,Real Estate,150.69,153.67,150.32,152.82,3072680,USD
2018-10-30,AMT,Real Estate,154.0,161.71,150.14,160.95,5553576,USD
2018-10-31,AMT,Real Estate,160.0,160.86,155.25,155.81,3841224,USD
2018-11-01,AMT,Real Estate,156.54,157.5,152.85,153.02,3963552,USD
2018-11-02,AMT,Real Estate,152.82,153.0,149.24,152.06,3978766,USD
2018-11-05,AMT,Real Estate,152.9,155.85,152.47,155.7,2301360,USD
2018-11-06,AMT,Real Estate,155.8,156.5,154.78,156.16,1284956,USD
2018-11-07,AMT,Real Estate,157.53,157.78,156.05,156.95,1803384,USD
2018-11-08,AMT,Real Estate,156.96,159.4,156.68,159.36,1707916,USD
2018-11-09,AMT,Real Estate,159.29,160.3,159.19,160.14,2279769,USD
2018-11-12,AMT,Real Estate,160.1,161.96,160.1,161.03,2059624,USD
2018-11-13,AMT,Real Estate,161.35,161.76,159.76,161.31,1496761,USD
2018-11-14,AMT,Real Estate,161.92,163.58,160.68,163.41,1940910,USD
2018-11-15,AMT,Real Estate,162.75,162.85,160.65,162.13,1987847,USD
2018-11-16,AMT,Real Estate,161.89,164.24,161.63,163.98,1987440,USD
2018-11-19,AMT,Real Estate,164.5,166.36,163.88,166.23,2171755,USD
2018-11-20,AMT,Real Estate,165.16,167.09,160.55,160.64,3449867,USD
2018-11-21,AMT,Real Estate,160.58,161.42,159.03,160.31,2009744,USD
2018-11-23,AMT,Real Estate,159.76,161.18,158.87,160.39,746919,USD
2018-11-26,AMT,Real Estate,160.99,161.77,159.25,161.59,1447159,USD
2018-11-27,AMT,Real Estate,161.41,162.16,159.98,162.08,1390163,USD
2018-11-28,AMT,Real Estate,161.23,162.89,160.99,162.0,2332247,USD
2018-11-29,AMT,Real Estate,162.0,163.98,161.12,162.72,2063265,USD
2018-11-30,AMT,Real Estate,163.22,164.66,161.88,164.49,2741429,USD
2018-12-03,AMT,Real Estate,165.02,165.15,161.51,163.08,2651569,USD
2018-12-04,AMT,Real Estate,163.27,165.44,163.04,163.48,2468831,USD
2018-12-06,AMT,Real Estate,162.81,167.85,161.13,167.63,2809434,USD
2018-12-07,AMT,Real Estate,167.37,168.58,165.84,166.43,3357428,USD
2018-12-10,AMT,Real Estate,165.96,166.9,162.75,166.19,1908747,USD
2018-12-11,AMT,Real Estate,166.73,167.32,165.5,166.64,2032958,USD
2018-12-12,AMT,Real Estate,167.49,167.55,164.14,164.65,2675039,USD
2018-12-13,AMT,Real Estate,165.14,167.64,164.43,166.8,2153772,USD
2018-12-14,AMT,Real Estate,166.52,167.0,165.02,166.6,2193401,USD
2018-12-17,AMT,Real Estate,166.95,167.16,160.37,160.94,2743371,USD
2018-12-18,AMT,Real Estate,161.85,163.46,161.18,162.31,2475346,USD
2018-12-19,AMT,Real Estate,162.48,164.69,161.78,162.54,1912317,USD
2018-12-20,AMT,Real Estate,162.35,163.97,160.5,161.54,2570407,USD
2018-12-21,AMT,Real Estate,161.54,164.6,157.62,158.0,4385686,USD
2018-12-24,AMT,Real Estate,157.31,157.52,152.63,153.58,1968466,USD
2018-12-26,AMT,Real Estate,153.4,157.53,150.66,157.53,1981544,USD
2018-12-27,AMT,Real Estate,156.73,158.75,153.3,158.6,1641714,USD
2018-12-28,AMT,Real Estate,159.73,161.61,157.75,158.83,1740012,USD
2018-12-31,AMT,Real Estate,159.67,159.76,156.14,158.19,2044595,USD
2019-01-02,AMT,Real Estate,157.11,157.11,153.93,156.74,2030598,USD
2019-01-03,AMT,Real Estate,156.61,160.04,156.43,157.68,2467352,USD
2019-01-04,AMT,Real Estate,158.11,160.07,157.69,158.31,2529958,USD
2019-01-07,AMT,Real Estate,158.48,160.62,158.02,159.29,1708043,USD
2019-01-08,AMT,Real Estate,159.78,161.13,158.58,161.09,2502666,USD
2019-01-09,AMT,Real Estate,161.88,161.91,158.35,159.68,1797270,USD
2019-01-10,AMT,Real Estate,159.47,161.99,158.62,161.86,1986590,USD
2019-01-11,AMT,Real Estate,161.05,162.26,159.9,161.4,1878799,USD
2019-01-14,AMT,Real Estate,161.04,162.56,160.85,161.4,1435420,USD
2019-01-15,AMT,Real Estate,161.23,163.32,160.63,163.05,1597062,USD
2019-01-16,AMT,Real Estate,163.45,164.31,162.83,163.78,1495177,USD
2019-01-17,AMT,Real Estate,163.78,164.93,163.06,164.38,1322754,USD
2019-01-18,AMT,Real Estate,165.25,165.25,163.38,164.67,1762988,USD
2019-01-22,AMT,Real Estate,164.52,165.41,163.17,164.68,1503935,USD
2019-01-23,AMT,Real Estate,164.51,165.8,164.34,165.79,1700185,USD
2019-01-24,AMT,Real Estate,164.81,165.84,164.11,165.65,1275899,USD
2019-01-25,AMT,Real Estate,166.5,168.13,165.79,167.41,1482088,USD
2019-01-28,AMT,Real Estate,166.94,168.05,165.67,168.05,1180464,USD
2019-01-29,AMT,Real Estate,167.68,169.52,167.55,169.44,1849756,USD
2019-01-30,AMT,Real Estate,169.13,171.5,169.01,170.47,2159546,USD
2019-01-31,AMT,Real Estate,169.79,173.95,169.25,172.84,4046133,USD
2019-02-01,AMT,Real Estate,173.15,173.15,169.54,170.43,3446167,USD
2019-02-04,AMT,Real Estate,170.2,170.95,168.88,170.94,2846761,USD
2019-02-05,AMT,Real Estate,170.83,172.53,169.57,172.43,1671140,USD
2019-02-06,AMT,Real Estate,171.32,172.36,170.1,170.27,1423287,USD
2019-02-07,AMT,Real Estate,170.33,172.4,169.83,172.01,1113626,USD
2019-02-08,AMT,Real Estate,171.91,172.99,171.05,172.43,1294644,USD
2019-02-11,AMT,Real Estate,172.86,173.66,172.15,172.99,1211049,USD
2019-02-12,AMT,Real Estate,173.08,173.75,172.07,172.59,1471829,USD
2019-02-13,AMT,Real Estate,172.43,173.84,172.09,173.7,1195947,USD
2019-02-14,AMT,Real Estate,173.61,176.07,173.07,175.79,1832493,USD
2019-02-15,AMT,Real Estate,177.28,178.15,175.97,177.82,2744366,USD
2019-02-19,AMT,Real Estate,177.97,178.32,176.72,177.6,1961650,USD
2019-02-20,AMT,Real Estate,177.33,177.33,175.53,176.69,1612038,USD
2019-02-21,AMT,Real Estate,176.32,176.75,174.58,176.51,1407566,USD
2019-02-22,AMT,Real Estate,177.15,177.45,175.19,176.63,1312596,USD
2019-02-25,AMT,Real Estate,177.24,177.53,174.07,174.23,1946457,USD
2019-02-26,AMT,Real Estate,174.84,175.32,173.42,174.02,1853725,USD
2019-02-27,AMT,Real Estate,174.3,176.77,171.71,173.2,1632188,USD
2019-02-28,AMT,Real Estate,172.52,178.69,172.39,176.15,2888508,USD
2019-03-01,AMT,Real Estate,176.2,178.19,174.27,177.92,2048002,USD
2019-03-04,AMT,Real Estate,179.0,179.76,176.84,179.69,1678042,USD
2019-03-05,AMT,Real Estate,179.43,181.91,179.43,181.06,1991458,USD
2019-03-06,AMT,Real Estate,181.07,182.28,180.88,181.65,1226045,USD
2019-03-07,AMT,Real Estate,182.01,182.97,180.81,181.75,1375879,USD
2019-03-08,AMT,Real Estate,181.0,182.73,180.44,181.61,1275957,USD
2019-03-11,AMT,Real Estate,182.31,185.3,182.05,185.16,1586706,USD
2019-03-12,AMT,Real Estate,185.53,186.78,185.09,185.75,1618289,USD
2019-03-13,AMT,Real Estate,185.7,187.55,185.7,187.23,1512656,USD
2019-03-14,AMT,Real Estate,186.68,188.04,185.77,187.97,1183839,USD
2019-03-15,AMT,Real Estate,188.0,189.0,187.62,188.97,2541695,USD
2019-03-18,AMT,Real Estate,189.11,189.48,187.5,188.89,1556172,USD
2019-03-19,AMT,Real Estate,189.42,190.22,188.51,189.91,1848207,USD
2019-03-20,AMT,Real Estate,190.28,192.16,188.92,191.54,1537788,USD
2019-03-21,AMT,Real Estate,191.16,194.75,190.8,194.71,1761369,USD
2019-03-22,AMT,Real Estate,194.24,196.79,193.21,193.65,2050293,USD
2019-03-25,AMT,Real Estate,194.1,196.31,193.53,195.69,2157581,USD
2019-03-26,AMT,Real Estate,196.65,196.67,193.96,195.05,1948123,USD
2019-03-27,AMT,Real Estate,195.05,196.04,192.62,194.09,2250576,USD
2019-03-28,AMT,Real Estate,194.0,194.99,193.2,194.93,2455339,USD
2019-03-29,AMT,Real Estate,195.46,197.33,194.66,197.06,3017741,USD
2019-04-01,AMT,Real Estate,197.54,198.19,192.16,192.51,4105811,USD
2019-04-02,AMT,Real Estate,193.0,195.79,192.11,195.12,2762366,USD
2019-04-03,AMT,Real Estate,195.06,195.92,192.49,194.29,2230312,USD
2019-04-04,AMT,Real Estate,194.94,195.06,192.65,193.05,1684065,USD
2019-04-05,AMT,Real Estate,193.26,195.98,192.31,195.76,1656486,USD
2019-04-08,AMT,Real Estate,195.07,196.47,194.19,196.22,2166540,USD
2019-04-09,AMT,Real Estate,196.14,197.13,195.95,196.72,1708208,USD
2019-04-10,AMT,Real Estate,196.46,197.26,196.0,196.62,1304477,USD
2019-04-11,AMT,Real Estate,197.12,197.19,195.44,196.65,1027141,USD
2019-04-12,AMT,Real Estate,196.64,198.06,194.8,197.96,1412266,USD
2019-04-15,AMT,Real Estate,196.7,197.83,194.52,196.09,1765476,USD
2019-04-16,AMT,Real Estate,196.17,196.17,191.05,192.2,2108312,USD
2019-04-17,AMT,Real Estate,194.09,194.09,189.42,191.17,2105070,USD
2019-04-18,AMT,Real Estate,190.93,193.6,190.05,192.91,1325350,USD
2019-04-22,AMT,Real Estate,192.56,192.9,190.94,192.32,942473,USD
2019-04-23,AMT,Real Estate,193.59,194.39,192.51,193.4,1457702,USD
2019-04-24,AMT,Real Estate,193.99,194.5,192.48,193.23,1324518,USD
2019-04-25,AMT,Real Estate,192.43,193.31,190.81,192.29,993122,USD
2019-04-26,AMT,Real Estate,192.46,193.35,191.64,193.21,870025,USD
2019-04-29,AMT,Real Estate,192.9,193.92,191.96,192.44,901421,USD
2019-04-30,AMT,Real Estate,192.81,195.51,191.12,195.3,1476187,USD
2019-05-01,AMT,Real Estate,194.95,195.05,192.14,192.91,1384725,USD
2019-05-02,AMT,Real Estate,193.28,193.73,192.14,192.8,1412730,USD
2019-05-03,AMT,Real Estate,193.34,194.53,192.27,192.95,1059127,USD
2019-05-06,AMT,Real Estate,192.43,193.54,190.47,192.18,1548709,USD
2019-05-07,AMT,Real Estate,191.97,192.31,188.53,189.85,1510040,USD
2019-05-08,AMT,Real Estate,190.17,193.51,190.17,191.64,1339014,USD
2019-05-09,AMT,Real Estate,191.71,192.92,190.09,192.52,1240377,USD
2019-05-10,AMT,Real Estate,192.51,196.23,192.33,195.66,1283128,USD
2019-05-13,AMT,Real Estate,194.52,197.4,194.08,196.88,1790613,USD
2019-05-14,AMT,Real Estate,197.2,200.38,196.7,198.07,1787980,USD
2019-05-15,AMT,Real Estate,198.2,201.2,197.02,200.47,1285420,USD
2019-05-16,AMT,Real Estate,201.81,203.38,200.2,202.02,1507392,USD
2019-05-17,AMT,Real Estate,200.89,202.74,200.53,202.43,1421363,USD
2019-05-20,AMT,Real Estate,199.79,200.96,197.39,198.25,2764829,USD
2019-05-21,AMT,Real Estate,199.48,200.02,197.99,198.17,1338127,USD
2019-05-22,AMT,Real Estate,198.56,201.24,198.22,200.67,997994,USD
2019-05-23,AMT,Real Estate,200.17,203.85,200.17,202.92,1436823,USD
2019-05-24,AMT,Real Estate,204.14,205.31,202.93,203.0,1412574,USD
2019-05-28,AMT,Real Estate,204.15,204.75,202.48,202.55,1936340,USD
2019-05-29,AMT,Real Estate,202.64,203.43,200.23,201.13,1448570,USD
2019-05-30,AMT,Real Estate,201.34,205.02,200.53,204.69,1568659,USD
2019-05-31,AMT,Real Estate,204.69,210.25,204.22,208.77,2706161,USD
2019-06-03,AMT,Real Estate,208.86,209.79,206.5,209.29,1730752,USD
2019-06-04,AMT,Real Estate,209.24,209.54,206.41,208.01,2351644,USD
2019-06-05,AMT,Real Estate,209.61,212.96,208.71,212.77,2193404,USD
2019-06-06,AMT,Real Estate,212.86,213.71,211.5,212.7,1237819,USD
2019-06-07,AMT,Real Estate,213.55,214.52,212.03,212.46,1132167,USD
2019-06-10,AMT,Real Estate,213.0,213.54,209.03,209.85,1976650,USD
2019-06-11,AMT,Real Estate,209.84,210.47,207.47,208.97,1715564,USD
2019-06-12,AMT,Real Estate,209.53,212.36,209.51,211.5,2974420,USD
2019-06-13,AMT,Real Estate,212.1,212.65,208.53,209.01,2586472,USD
2019-06-14,AMT,Real Estate,209.0,211.95,208.18,211.23,1568112,USD
2019-06-17,AMT,Real Estate,211.72,214.69,211.3,214.09,1780862,USD
2019-06-18,AMT,Real Estate,214.3,215.96,213.33,214.39,1696551,USD
2019-06-19,AMT,Real Estate,213.51,217.04,213.19,216.17,1421344,USD
2019-06-20,AMT,Real Estate,216.16,218.79,215.9,217.52,1839898,USD
2019-06-21,AMT,Real Estate,217.46,217.93,214.24,215.18,2420359,USD
2019-06-24,AMT,Real Estate,215.81,216.0,213.97,214.55,1063960,USD
2019-06-25,AMT,Real Estate,215.04,215.41,210.69,210.81,1542655,USD
2019-06-26,AMT,Real Estate,210.86,210.86,205.23,205.8,2434086,USD
2019-06-27,AMT,Real Estate,206.93,208.2,205.55,205.85,2044747,USD
2019-06-28,AMT,Real Estate,206.06,206.88,203.62,204.45,2965462,USD
2019-07-01,AMT,Real Estate,205.0,205.5,199.48,202.3,3051525,USD
2019-07-02,AMT,Real Estate,202.92,206.23,202.68,205.63,3224371,USD
2019-07-03,AMT,Real Estate,206.41,211.89,206.4,210.17,1408734,USD
2019-07-05,AMT,Real Estate,209.0,210.27,206.21,209.04,1735468,USD
2019-07-08,AMT,Real Estate,208.89,210.4,208.31,208.95,1227661,USD
2019-07-09,AMT,Real Estate,209.47,211.64,208.81,211.31,1483329,USD
2019-07-10,AMT,Real Estate,211.88,212.43,210.04,211.53,1858616,USD
2019-07-11,AMT,Real Estate,211.64,211.64,208.09,209.26,1398176,USD
2019-07-12,AMT,Real Estate,209.52,209.52,207.42,208.98,1263333,USD
2019-07-15,AMT,Real Estate,210.33,211.35,208.98,210.7,1640259,USD
2019-07-16,AMT,Real Estate,211.18,211.59,209.02,209.31,1430587,USD
2019-07-17,AMT,Real Estate,210.07,211.54,207.82,208.74,1394977,USD
2019-07-18,AMT,Real Estate,208.65,209.41,205.01,208.66,1279565,USD
2019-07-19,AMT,Real Estate,209.15,209.43,205.29,205.56,1847210,USD
2019-07-22,AMT,Real Estate,205.95,207.16,204.68,206.7,1259198,USD
2019-07-23,AMT,Real Estate,206.52,207.74,205.48,206.8,1165312,USD
2019-07-24,AMT,Real Estate,206.82,207.29,204.58,204.79,1932414,USD
2019-07-25,AMT,Real Estate,207.03,207.03,203.82,205.42,1058777,USD
2019-07-26,AMT,Real Estate,205.5,206.08,203.65,204.59,1336798,USD
2019-07-29,AMT,Real Estate,204.67,207.0,204.15,205.57,1875427,USD
2019-07-30,AMT,Real Estate,206.54,209.0,205.59,208.65,2080079,USD
2019-07-31,AMT,Real Estate,209.62,213.68,209.35,211.62,2845076,USD
2019-08-01,AMT,Real Estate,210.11,213.86,208.5,211.41,1691417,USD
2019-08-02,AMT,Real Estate,211.74,216.7,210.92,215.47,1802304,USD
2019-08-05,AMT,Real Estate,214.63,216.2,211.32,213.9,2268704,USD
2019-08-06,AMT,Real Estate,214.04,217.03,213.14,216.95,1988190,USD
2019-08-07,AMT,Real Estate,216.03,219.01,211.54,217.43,1827762,USD
2019-08-08,AMT,Real Estate,217.54,221.37,216.0,221.02,1389912,USD
2019-08-09,AMT,Real Estate,221.62,224.71,219.48,222.23,1251347,USD
2019-08-12,AMT,Real Estate,222.01,222.97,220.43,222.22,883834,USD
2019-08-13,AMT,Real Estate,222.68,223.59,219.37,221.1,2473032,USD
2019-08-14,AMT,Real Estate,221.07,221.62,218.46,218.88,2092893,USD
2019-08-15,AMT,Real Estate,219.25,224.57,218.85,224.2,1773207,USD
2019-08-16,AMT,Real Estate,225.1,225.43,221.93,222.93,1681876,USD
2019-08-19,AMT,Real Estate,224.04,225.69,222.83,225.19,1415927,USD
2019-08-20,AMT,Real Estate,225.51,227.39,223.53,225.56,1620688,USD
2019-08-21,AMT,Real Estate,225.55,227.48,224.79,227.38,1279477,USD
2019-08-22,AMT,Real Estate,227.78,228.78,224.99,228.51,1073508,USD
2019-08-23,AMT,Real Estate,228.94,231.64,225.57,226.57,1497940,USD
2019-08-26,AMT,Real Estate,227.57,230.15,226.11,230.07,968539,USD
2019-08-27,AMT,Real Estate,230.78,231.77,229.03,229.79,1584008,USD
2019-08-28,AMT,Real Estate,229.55,231.53,228.58,230.14,1143726,USD
2019-08-29,AMT,Real Estate,231.0,231.5,229.13,230.41,986257,USD
2019-08-30,AMT,Real Estate,231.49,231.67,229.07,230.19,1426204,USD
2019-09-03,AMT,Real Estate,230.6,237.9,230.19,237.84,1843212,USD
2019-09-04,AMT,Real Estate,238.23,242.0,237.97,241.07,1796152,USD
2019-09-05,AMT,Real Estate,242.0,242.0,234.59,235.75,2059182,USD
2019-09-06,AMT,Real Estate,235.95,236.56,231.66,232.59,2307567,USD
2019-09-09,AMT,Real Estate,232.78,233.18,223.74,224.0,2994298,USD
2019-09-10,AMT,Real Estate,222.83,222.99,213.5,216.21,4266162,USD
2019-09-11,AMT,Real Estate,215.95,217.87,212.5,212.7,3019697,USD
2019-09-12,AMT,Real Estate,216.02,219.35,214.67,218.85,2334453,USD
2019-09-13,AMT,Real Estate,218.29,219.25,213.92,215.37,1908751,USD
2019-09-16,AMT,Real Estate,215.52,217.5,215.03,216.77,1422111,USD
2019-09-17,AMT,Real Estate,218.4,221.4,217.52,221.3,1857685,USD
2019-09-18,AMT,Real Estate,221.95,222.6,218.47,221.61,1319914,USD
2019-09-19,AMT,Real Estate,220.54,229.36,220.0,227.07,2287095,USD
2019-09-20,AMT,Real Estate,228.25,228.48,224.73,225.56,2794971,USD
2019-09-23,AMT,Real Estate,225.84,226.51,224.95,225.38,1267043,USD
2019-09-24,AMT,Real Estate,226.1,227.27,223.1,225.16,1729997,USD
2019-09-25,AMT,Real Estate,225.46,225.62,220.86,222.04,1714943,USD
2019-09-26,AMT,Real Estate,221.64,224.07,221.55,223.0,1353814,USD
2019-09-27,AMT,Real Estate,223.09,223.09,216.86,218.98,1832360,USD
2019-09-30,AMT,Real Estate,219.32,221.78,218.87,221.13,1704553,USD
2019-10-01,AMT,Real Estate,220.7,222.87,218.22,220.89,1545572,USD
2019-10-02,AMT,Real Estate,220.75,222.0,218.5,219.99,1389652,USD
2019-10-03,AMT,Real Estate,220.42,225.52,220.27,223.9,1615369,USD
2019-10-04,AMT,Real Estate,223.97,227.4,223.66,225.93,1674994,USD
2019-10-07,AMT,Real Estate,225.19,226.61,222.97,225.28,1005848,USD
2019-10-08,AMT,Real Estate,225.22,228.12,223.64,226.1,1962442,USD
2019-10-09,AMT,Real Estate,226.57,227.35,225.33,226.57,1040783,USD
2019-10-10,AMT,Real Estate,226.15,227.68,224.11,226.28,1896279,USD
2019-10-11,AMT,Real Estate,226.17,227.06,224.35,224.45,1367848,USD
2019-10-14,AMT,Real Estate,224.99,226.6,224.51,225.64,838028,USD
2019-10-15,AMT,Real Estate,225.74,226.46,221.84,224.21,1000654,USD
2019-10-16,AMT,Real Estate,223.55,223.55,220.55,221.97,1511652,USD
2019-10-17,AMT,Real Estate,224.1,227.15,223.46,225.91,1199429,USD
2019-10-18,AMT,Real Estate,225.95,229.59,225.85,229.09,1544377,USD
2019-10-21,AMT,Real Estate,229.24,229.59,226.7,229.4,1274792,USD
2019-10-22,AMT,Real Estate,229.16,231.21,226.43,226.74,1341139,USD
2019-10-23,AMT,Real Estate,226.25,227.36,223.87,226.02,1156712,USD
2019-10-24,AMT,Real Estate,226.0,226.73,223.35,223.47,1098998,USD
2019-10-25,AMT,Real Estate,223.19,223.2,215.2,216.67,2409819,USD
2019-10-28,AMT,Real Estate,218.78,219.0,210.03,210.75,3431591,USD
2019-10-29,AMT,Real Estate,211.01,216.82,210.55,216.16,2043978,USD
2019-10-30,AMT,Real Estate,216.18,217.41,214.6,217.24,1520652,USD
2019-10-31,AMT,Real Estate,218.5,219.5,214.05,218.08,2021157,USD
2019-11-01,AMT,Real Estate,219.15,219.76,212.35,215.52,2112240,USD
2019-11-04,AMT,Real Estate,214.76,215.48,211.0,211.07,1640048,USD
2019-11-05,AMT,Real Estate,210.65,210.73,202.91,206.01,3449664,USD
2019-11-06,AMT,Real Estate,206.31,208.88,205.87,207.98,2206060,USD
2019-11-07,AMT,Real Estate,206.71,207.2,203.53,205.69,2117510,USD
2019-11-08,AMT,Real Estate,204.89,208.56,204.25,205.87,1819451,USD
2019-11-11,AMT,Real Estate,205.7,208.59,205.58,207.35,1347212,USD
2019-11-12,AMT,Real Estate,207.44,208.77,206.35,206.75,1475372,USD
2019-11-13,AMT,Real Estate,207.78,211.09,207.56,210.32,1695310,USD
2019-11-14,AMT,Real Estate,210.4,211.91,210.0,211.8,1363120,USD
2019-11-15,AMT,Real Estate,212.21,213.43,210.19,213.37,1547312,USD
2019-11-18,AMT,Real Estate,212.98,215.67,212.98,214.33,1353726,USD
2019-11-19,AMT,Real Estate,214.67,216.6,213.86,215.57,1526514,USD
2019-11-20,AMT,Real Estate,215.72,219.33,215.64,217.9,1297809,USD
2019-11-21,AMT,Real Estate,217.52,218.9,213.31,213.54,1361460,USD
2019-11-22,AMT,Real Estate,213.49,214.09,209.79,210.11,1779833,USD
2019-11-25,AMT,Real Estate,210.49,211.69,208.82,209.71,1441177,USD
2019-11-26,AMT,Real Estate,209.59,215.02,209.59,214.79,1877555,USD
2019-11-27,AMT,Real Estate,214.8,215.51,212.74,214.91,1116991,USD
2019-11-29,AMT,Real Estate,214.91,215.79,213.68,214.03,654257,USD
2019-12-02,AMT,Real Estate,214.15,214.64,209.46,209.57,1190351,USD
2019-12-03,AMT,Real Estate,209.26,212.5,209.25,211.21,1524456,USD
2019-12-04,AMT,Real Estate,210.11,213.71,210.02,213.36,1276362,USD
2019-12-05,AMT,Real Estate,213.22,214.12,211.96,213.53,868422,USD
2019-12-06,AMT,Real Estate,213.76,214.0,211.89,212.2,1205979,USD
2019-12-09,AMT,Real Estate,212.06,213.99,211.83,212.65,970683,USD
2019-12-10,AMT,Real Estate,213.35,214.08,209.19,210.0,1414837,USD
2019-12-11,AMT,Real Estate,210.67,212.3,210.0,211.56,1440962,USD
2019-12-12,AMT,Real Estate,211.65,211.86,208.61,209.69,1836052,USD
2019-12-13,AMT,Real Estate,209.11,212.84,208.25,212.52,1988581,USD
2019-12-16,AMT,Real Estate,213.0,216.8,212.52,215.6,1827475,USD
2019-12-17,AMT,Real Estate,216.31,217.09,211.03,211.93,2439884,USD
2019-12-18,AMT,Real Estate,212.8,218.91,212.43,217.95,2143384,USD
2019-12-19,AMT,Real Estate,217.52,224.94,217.44,224.2,2958027,USD
2019-12-20,AMT,Real Estate,226.8,228.28,224.5,227.74,3333084,USD
2019-12-23,AMT,Real Estate,227.11,229.98,226.4,226.97,1096409,USD
2019-12-24,AMT,Real Estate,227.14,228.04,226.26,227.08,491911,USD
2019-12-26,AMT,Real Estate,226.69,227.87,225.57,227.87,1035327,USD
2019-12-27,AMT,Real Estate,228.52,229.29,227.55,229.08,749401,USD
2019-12-30,AMT,Real Estate,228.56,229.0,227.23,228.85,1259825,USD
2019-12-31,AMT,Real Estate,228.97,229.86,227.49,229.82,1199347,USD
2020-01-02,AMT,Real Estate,229.68,231.15,228.01,228.5,1425971,USD
2020-01-03,AMT,Real Estate,227.56,229.83,227.0,228.61,1598897,USD
2020-01-06,AMT,Real Estate,228.48,230.0,227.89,228.55,1526810,USD
2020-01-07,AMT,Real Estate,227.13,227.57,221.62,223.68,1464433,USD
2020-01-08,AMT,Real Estate,223.48,226.49,222.52,225.62,1434323,USD
2020-01-09,AMT,Real Estate,225.5,227.14,225.36,226.47,1376723,USD
2020-01-10,AMT,Real Estate,228.09,231.02,227.44,230.8,1578992,USD
2020-01-13,AMT,Real Estate,231.25,235.42,231.15,235.41,1840796,USD
2020-01-14,AMT,Real Estate,235.13,235.94,232.84,233.95,1217185,USD
2020-01-15,AMT,Real Estate,234.5,236.74,234.5,235.38,1152304,USD
2020-01-16,AMT,Real Estate,235.0,235.15,231.94,232.24,1782952,USD
2020-01-17,AMT,Real Estate,232.89,234.41,232.59,233.42,2352919,USD
2020-01-21,AMT,Real Estate,233.92,237.92,233.0,236.73,1827053,USD
2020-01-22,AMT,Real Estate,237.91,238.17,234.26,235.16,1294091,USD
2020-01-23,AMT,Real Estate,235.16,238.49,235.01,237.83,1485444,USD
2020-01-24,AMT,Real Estate,238.0,239.99,236.72,237.52,1284878,USD
2020-01-27,AMT,Real Estate,236.32,238.16,235.68,237.47,1197186,USD
2020-01-28,AMT,Real Estate,237.11,237.67,236.33,237.18,1051764,USD
2020-01-29,AMT,Real Estate,237.43,237.86,232.86,233.44,1434517,USD
2020-01-30,AMT,Real Estate,232.42,235.26,231.31,235.2,1271408,USD
2020-01-31,AMT,Real Estate,234.36,234.94,230.85,231.74,1701116,USD
2020-02-03,AMT,Real Estate,232.98,235.04,232.11,234.07,1560189,USD
2020-02-04,AMT,Real Estate,234.42,238.22,233.02,237.45,1105748,USD
2020-02-05,AMT,Real Estate,237.5,237.98,235.2,236.38,1338703,USD
2020-02-06,AMT,Real Estate,237.18,238.57,236.35,237.81,1257153,USD
2020-02-07,AMT,Real Estate,238.44,239.52,237.81,238.75,1237699,USD
2020-02-10,AMT,Real Estate,239.68,243.88,238.79,243.69,1576790,USD
2020-02-11,AMT,Real Estate,246.55,258.62,246.55,254.27,3231863,USD
2020-02-12,AMT,Real Estate,254.28,256.66,252.08,256.18,1625719,USD
2020-02-13,AMT,Real Estate,255.62,257.43,254.43,256.9,1146565,USD
2020-02-14,AMT,Real Estate,257.0,258.32,255.26,256.25,1600798,USD
2020-02-18,AMT,Real Estate,255.3,255.6,252.68,252.93,1998612,USD
2020-02-19,AMT,Real Estate,251.24,252.39,247.85,248.1,2618488,USD
2020-02-20,AMT,Real Estate,247.98,248.53,244.72,247.54,2150626,USD
2020-02-21,AMT,Real Estate,247.94,248.64,246.8,247.01,2570193,USD
2020-02-24,AMT,Real Estate,244.82,248.77,243.61,245.11,2329828,USD
2020-02-25,AMT,Real Estate,247.92,253.99,244.16,246.14,2268642,USD
2020-02-26,AMT,Real Estate,246.14,248.36,240.0,242.67,2024998,USD
2020-02-27,AMT,Real Estate,239.99,244.89,232.9,232.93,3169065,USD
2020-02-28,AMT,Real Estate,226.7,228.71,218.03,226.8,5188144,USD
2020-03-02,AMT,Real Estate,229.03,240.88,228.08,240.75,2718495,USD
2020-03-03,AMT,Real Estate,240.75,246.84,238.84,242.65,3502639,USD
2020-03-04,AMT,Real Estate,245.58,251.97,245.32,251.66,2350741,USD
2020-03-05,AMT,Real Estate,248.55,250.89,243.53,246.94,1969377,USD
2020-03-06,AMT,Real Estate,243.17,247.58,237.9,246.32,2693576,USD
2020-03-09,AMT,Real Estate,231.43,239.61,225.0,231.86,3209409,USD
2020-03-10,AMT,Real Estate,236.74,244.21,229.85,243.87,2658406,USD
2020-03-11,AMT,Real Estate,237.37,239.19,228.68,232.9,3361080,USD
2020-03-12,AMT,Real Estate,216.29,231.72,204.14,217.83,4734515,USD
2020-03-13,AMT,Real Estate,225.53,241.56,220.01,238.99,4220426,USD
2020-03-16,AMT,Real Estate,206.65,229.81,201.37,202.75,4093294,USD
2020-03-17,AMT,Real Estate,210.17,234.9,203.63,227.53,4527146,USD
2020-03-18,AMT,Real Estate,210.2,235.66,206.17,217.14,4210129,USD
2020-03-19,AMT,Real Estate,215.45,219.45,202.23,209.0,3847896,USD
2020-03-20,AMT,Real Estate,207.0,210.0,192.37,195.39,3941076,USD
2020-03-23,AMT,Real Estate,196.0,196.27,174.32,179.09,3890335,USD
2020-03-24,AMT,Real Estate,186.25,193.3,179.25,190.27,4221718,USD
2020-03-25,AMT,Real Estate,188.25,208.54,187.36,199.26,3201601,USD
2020-03-26,AMT,Real Estate,199.06,226.17,198.97,222.2,3413575,USD
2020-03-27,AMT,Real Estate,216.68,222.01,211.88,218.48,3367124,USD
2020-03-30,AMT,Real Estate,222.68,231.97,221.34,230.58,2581797,USD
2020-03-31,AMT,Real Estate,228.46,230.0,215.91,217.75,4630207,USD
2020-04-01,AMT,Real Estate,205.81,213.4,202.03,206.97,3772037,USD
2020-04-02,AMT,Real Estate,207.0,221.09,205.59,220.75,3993438,USD
2020-04-03,AMT,Real Estate,219.16,223.75,216.82,222.8,2858165,USD
2020-04-06,AMT,Real Estate,228.02,236.22,227.0,235.18,3050622,USD
2020-04-07,AMT,Real Estate,241.11,243.88,227.03,227.77,2226215,USD
2020-04-08,AMT,Real Estate,229.64,249.65,228.0,249.25,3329399,USD
2020-04-09,AMT,Real Estate,248.5,260.43,248.2,259.6,4331939,USD
2020-04-13,AMT,Real Estate,256.7,257.35,246.76,249.76,1831195,USD
2020-04-14,AMT,Real Estate,255.08,257.66,252.52,255.1,2011864,USD
2020-04-15,AMT,Real Estate,252.93,252.98,243.21,247.49,1910011,USD
2020-04-16,AMT,Real Estate,249.59,252.72,247.55,251.78,1640950,USD
2020-04-17,AMT,Real Estate,256.56,257.77,248.08,254.06,2328281,USD
2020-04-20,AMT,Real Estate,252.03,253.0,248.51,248.68,1281795,USD
2020-04-21,AMT,Real Estate,245.21,245.87,239.1,242.0,1925620,USD
2020-04-22,AMT,Real Estate,246.23,255.11,245.56,252.98,2041450,USD
2020-04-23,AMT,Real Estate,252.19,254.81,248.14,248.6,1419204,USD
2020-04-24,AMT,Real Estate,250.28,251.49,243.77,244.61,1776471,USD
2020-04-27,AMT,Real Estate,247.0,252.29,245.24,250.22,1557532,USD
2020-04-28,AMT,Real Estate,255.25,255.8,242.72,243.53,2092140,USD
2020-04-29,AMT,Real Estate,251.02,251.02,235.67,236.81,3506086,USD
2020-04-30,AMT,Real Estate,234.11,239.09,232.71,238.0,3410254,USD
2020-05-01,AMT,Real Estate,233.24,235.9,232.59,234.2,1896859,USD
2020-05-04,AMT,Real Estate,237.39,237.5,228.11,236.63,1642846,USD
2020-05-05,AMT,Real Estate,237.68,243.55,237.68,240.26,1421211,USD
2020-05-06,AMT,Real Estate,240.86,242.24,236.79,237.26,1441516,USD
2020-05-07,AMT,Real Estate,239.18,239.67,235.03,235.25,2548935,USD
2020-05-08,AMT,Real Estate,237.65,240.25,236.68,238.36,1879771,USD
2020-05-11,AMT,Real Estate,236.08,242.93,234.48,238.23,2040771,USD
2020-05-12,AMT,Real Estate,239.36,240.25,230.74,231.69,1852668,USD
2020-05-13,AMT,Real Estate,230.97,237.0,229.5,231.15,2200639,USD
2020-05-14,AMT,Real Estate,228.0,231.0,224.94,229.62,2112861,USD
2020-05-15,AMT,Real Estate,228.74,229.9,223.98,229.58,2246834,USD
2020-05-18,AMT,Real Estate,235.21,238.13,232.08,236.03,1792941,USD
2020-05-19,AMT,Real Estate,234.51,236.66,229.66,229.97,1542757,USD
2020-05-20,AMT,Real Estate,231.98,232.07,228.93,230.14,1346639,USD
2020-05-21,AMT,Real Estate,229.98,230.34,227.19,228.16,1263314,USD
2020-05-22,AMT,Real Estate,228.54,242.6,227.41,242.43,2812697,USD
2020-05-26,AMT,Real Estate,247.63,248.14,240.25,243.93,2833785,USD
2020-05-27,AMT,Real Estate,245.8,252.23,242.28,252.01,2311226,USD
2020-05-28,AMT,Real Estate,255.82,259.39,253.83,258.12,2191111,USD
2020-05-29,AMT,Real Estate,257.16,258.97,254.09,258.17,2138776,USD
2020-06-01,AMT,Real Estate,258.0,266.75,255.55,264.31,2035579,USD
2020-06-02,AMT,Real Estate,265.26,265.26,259.8,263.59,1810146,USD
2020-06-03,AMT,Real Estate,264.55,269.25,263.86,267.39,1802351,USD
2020-06-04,AMT,Real Estate,263.97,266.91,256.54,259.72,1997649,USD
2020-06-05,AMT,Real Estate,263.73,265.91,260.58,264.89,2336945,USD
2020-06-08,AMT,Real Estate,264.48,269.07,264.34,266.88,2096076,USD
2020-06-09,AMT,Real Estate,266.89,267.02,264.53,265.76,2690967,USD
2020-06-10,AMT,Real Estate,266.74,268.98,263.85,265.34,1603515,USD
2020-06-11,AMT,Real Estate,262.0,262.82,251.1,251.51,2549046,USD
2020-06-12,AMT,Real Estate,256.72,259.0,253.96,258.08,1436549,USD
2020-06-15,AMT,Real Estate,253.5,263.01,253.0,262.49,1532640,USD
2020-06-16,AMT,Real Estate,268.19,268.61,261.16,264.78,1837571,USD
2020-06-17,AMT,Real Estate,266.71,268.14,263.86,263.97,1380184,USD
2020-06-18,AMT,Real Estate,261.38,261.38,256.72,257.6,1776071,USD
2020-06-19,AMT,Real Estate,260.59,265.81,256.5,265.6,6189533,USD
2020-06-22,AMT,Real Estate,263.73,266.62,261.28,264.6,2034576,USD
2020-06-23,AMT,Real Estate,266.65,266.65,262.25,264.5,1941463,USD
2020-06-24,AMT,Real Estate,262.3,263.07,250.64,254.18,3475288,USD
2020-06-25,AMT,Real Estate,254.17,255.6,250.68,254.36,2649146,USD
2020-06-26,AMT,Real Estate,254.15,257.98,244.02,246.48,3268805,USD
2020-06-29,AMT,Real Estate,248.34,254.45,247.85,253.8,1638438,USD
2020-06-30,AMT,Real Estate,254.93,259.0,253.52,258.54,1980526,USD
2020-07-01,AMT,Real Estate,259.32,266.71,258.15,265.39,1207191,USD
2020-07-02,AMT,Real Estate,268.05,268.63,262.53,264.21,1175736,USD
2020-07-06,AMT,Real Estate,268.71,268.71,264.66,265.97,1504608,USD
2020-07-07,AMT,Real Estate,264.02,269.73,262.59,265.97,1289832,USD
2020-07-08,AMT,Real Estate,267.31,269.1,261.79,264.7,1389114,USD
2020-07-09,AMT,Real Estate,263.0,266.82,260.5,265.6,1143715,USD
2020-07-10,AMT,Real Estate,266.5,267.6,263.1,264.35,911480,USD
2020-07-13,AMT,Real Estate,263.99,264.33,254.52,255.93,1791753,USD
2020-07-14,AMT,Real Estate,256.7,259.71,253.81,258.94,1877780,USD
2020-07-15,AMT,Real Estate,262.26,262.32,256.6,257.27,1300995,USD
2020-07-16,AMT,Real Estate,257.53,257.64,253.21,257.48,1475187,USD
2020-07-17,AMT,Real Estate,258.5,261.01,254.75,259.11,1291931,USD
2020-07-20,AMT,Real Estate,260.18,262.15,257.11,260.53,1422233,USD
2020-07-21,AMT,Real Estate,262.75,262.75,258.0,259.21,1162077,USD
2020-07-22,AMT,Real Estate,258.3,260.8,257.12,259.04,1355747,USD
2020-07-23,AMT,Real Estate,259.61,260.3,254.18,257.9,1324911,USD
2020-07-24,AMT,Real Estate,259.75,260.43,255.85,256.33,1391335,USD
2020-07-27,AMT,Real Estate,254.96,260.88,254.96,260.31,1417511,USD
2020-07-28,AMT,Real Estate,261.14,268.7,260.9,266.8,1553799,USD
2020-07-29,AMT,Real Estate,268.14,272.2,267.97,271.29,1452697,USD
2020-07-30,AMT,Real Estate,266.0,266.11,257.53,262.49,1959863,USD
2020-07-31,AMT,Real Estate,261.95,264.47,257.09,261.39,1781216,USD
2020-08-03,AMT,Real Estate,259.67,261.76,256.17,256.58,1504845,USD
2020-08-04,AMT,Real Estate,257.34,262.19,256.06,260.17,1782864,USD
2020-08-05,AMT,Real Estate,260.16,260.33,254.22,255.29,1071445,USD
2020-08-06,AMT,Real Estate,255.23,255.51,252.09,255.51,1127592,USD
2020-08-07,AMT,Real Estate,254.44,258.71,254.18,257.61,1023353,USD
2020-08-10,AMT,Real Estate,257.31,257.71,252.0,253.41,1282435,USD
2020-08-11,AMT,Real Estate,253.77,253.77,245.24,246.2,2111861,USD
2020-08-12,AMT,Real Estate,247.01,252.95,247.0,251.3,1378156,USD
2020-08-13,AMT,Real Estate,250.63,253.0,250.18,250.73,960873,USD
2020-08-14,AMT,Real Estate,250.83,253.24,248.71,250.12,737004,USD
2020-08-17,AMT,Real Estate,250.1,251.93,249.42,250.91,1435039,USD
2020-08-18,AMT,Real Estate,252.5,254.76,251.38,252.55,1896180,USD
2020-08-19,AMT,Real Estate,253.52,253.52,244.86,245.23,1496873,USD
2020-08-20,AMT,Real Estate,244.77,248.91,243.5,247.68,1017393,USD
2020-08-21,AMT,Real Estate,249.69,249.98,245.44,249.34,1139606,USD
2020-08-24,AMT,Real Estate,248.3,248.3,242.21,245.44,1201432,USD
2020-08-25,AMT,Real Estate,245.88,247.16,243.54,246.41,1060825,USD
2020-08-26,AMT,Real Estate,245.59,247.1,243.77,246.97,1479484,USD
2020-08-27,AMT,Real Estate,246.4,249.09,246.4,247.97,1398405,USD
2020-08-28,AMT,Real Estate,248.77,249.73,245.41,249.59,1062982,USD
2020-08-31,AMT,Real Estate,248.73,250.04,247.6,249.15,1307540,USD
2020-09-01,AMT,Real Estate,248.44,249.75,246.63,248.03,1084918,USD
2020-09-02,AMT,Real Estate,249.0,257.28,247.43,256.5,2033994,USD
2020-09-03,AMT,Real Estate,256.5,256.5,249.37,252.32,2094649,USD
2020-09-04,AMT,Real Estate,251.3,256.22,246.83,249.98,1885094,USD
2020-09-08,AMT,Real Estate,248.84,249.34,243.45,246.81,1451385,USD
2020-09-09,AMT,Real Estate,250.49,255.23,249.46,252.42,2202209,USD
2020-09-10,AMT,Real Estate,250.79,251.6,247.75,248.38,1256796,USD
2020-09-11,AMT,Real Estate,249.78,252.56,248.23,249.79,1219479,USD
2020-09-14,AMT,Real Estate,251.69,255.68,251.64,253.9,1333946,USD
2020-09-15,AMT,Real Estate,256.11,265.2,256.11,263.75,2426762,USD
2020-09-16,AMT,Real Estate,264.27,268.6,262.86,263.29,2326421,USD
2020-09-17,AMT,Real Estate,260.0,260.16,249.0,250.73,2341536,USD
2020-09-18,AMT,Real Estate,248.67,251.26,243.81,245.5,3270478,USD
2020-09-21,AMT,Real Estate,243.51,244.07,238.49,240.97,2849314,USD
2020-09-22,AMT,Real Estate,241.99,244.85,240.24,241.94,1702340,USD
2020-09-23,AMT,Real Estate,241.61,242.0,235.07,235.71,2550349,USD
2020-09-24,AMT,Real Estate,236.3,240.13,235.1,236.18,2221014,USD
2020-09-25,AMT,Real Estate,235.0,240.67,234.97,239.81,2861488,USD
2020-09-28,AMT,Real Estate,242.93,244.32,238.46,240.0,2593474,USD
2020-09-29,AMT,Real Estate,240.33,241.66,239.22,240.12,3098426,USD
2020-09-30,AMT,Real Estate,240.5,243.52,239.81,241.73,3345702,USD
2020-10-01,AMT,Real Estate,242.5,244.86,239.95,242.15,2500814,USD
2020-10-02,AMT,Real Estate,240.07,243.91,238.99,243.3,2138392,USD
2020-10-05,AMT,Real Estate,243.25,243.64,237.89,243.33,2130344,USD
2020-10-06,AMT,Real Estate,243.67,244.23,240.25,241.01,1913523,USD
2020-10-07,AMT,Real Estate,241.19,243.51,241.19,241.77,2047995,USD
2020-10-08,AMT,Real Estate,243.09,246.45,242.9,243.56,2501428,USD
2020-10-09,AMT,Real Estate,244.27,246.39,243.15,244.68,1538957,USD
2020-10-12,AMT,Real Estate,245.56,247.78,244.5,246.38,1430448,USD
2020-10-13,AMT,Real Estate,245.29,246.5,241.42,242.41,1622151,USD
2020-10-14,AMT,Real Estate,242.5,243.25,238.22,238.5,2049285,USD
2020-10-15,AMT,Real Estate,237.93,242.1,237.61,239.6,1791022,USD
2020-10-16,AMT,Real Estate,239.7,244.08,239.16,242.72,1479993,USD
2020-10-19,AMT,Real Estate,243.39,245.7,239.24,239.6,1323655,USD
2020-10-20,AMT,Real Estate,241.77,245.72,241.11,243.8,1407361,USD
2020-10-21,AMT,Real Estate,243.36,245.78,241.39,241.74,1100510,USD
2020-10-22,AMT,Real Estate,241.5,241.5,235.14,235.77,1836932,USD
2020-10-23,AMT,Real Estate,236.64,239.37,235.66,237.72,1057169,USD
2020-10-26,AMT,Real Estate,235.8,237.86,233.46,237.12,1657622,USD
2020-10-27,AMT,Real Estate,239.19,240.7,236.13,236.16,1433201,USD
2020-10-28,AMT,Real Estate,234.31,237.32,229.31,230.13,2448985,USD
2020-10-29,AMT,Real Estate,233.47,236.37,230.66,231.65,1693306,USD
2020-10-30,AMT,Real Estate,230.0,232.5,226.5,229.65,1621440,USD
2020-11-02,AMT,Real Estate,232.11,233.57,229.4,233.49,1551283,USD
2020-11-03,AMT,Real Estate,235.91,237.12,233.62,234.23,1268830,USD
2020-11-04,AMT,Real Estate,235.37,243.23,235.35,237.07,2434212,USD
2020-11-05,AMT,Real Estate,240.34,242.73,237.88,239.92,1877507,USD
2020-11-06,AMT,Real Estate,239.91,243.59,238.66,242.15,1181520,USD
2020-11-09,AMT,Real Estate,249.16,253.08,236.95,237.98,2422520,USD
2020-11-10,AMT,Real Estate,238.89,238.89,230.22,232.38,2717377,USD
2020-11-11,AMT,Real Estate,234.0,241.38,233.5,238.45,1574093,USD
2020-11-12,AMT,Real Estate,239.6,240.18,236.5,238.01,1882721,USD
2020-11-13,AMT,Real Estate,240.24,243.69,237.7,243.09,1476478,USD
2020-11-14,AMT,Real Estate,243.09,243.09,243.09,243.09,0,USD
2020-11-16,AMT,Real Estate,245.08,245.13,238.98,239.09,1433297,USD
2020-11-17,AMT,Real Estate,239.0,240.87,238.3,239.18,1353217,USD
2020-11-18,AMT,Real Estate,238.96,242.14,237.62,237.7,1617619,USD
2020-11-19,AMT,Real Estate,237.09,238.88,233.37,238.43,1635014,USD
2020-11-20,AMT,Real Estate,238.19,238.43,232.5,232.66,1965888,USD
2020-11-23,AMT,Real Estate,233.07,233.16,228.62,228.91,2848945,USD
2020-11-24,AMT,Real Estate,230.92,231.78,227.43,228.06,2636104,USD
2020-11-25,AMT,Real Estate,229.29,233.37,228.65,233.0,2479035,USD
2020-11-27,AMT,Real Estate,233.96,234.09,230.58,234.09,937418,USD
2020-11-30,AMT,Real Estate,234.04,234.04,228.75,231.2,3547305,USD
2020-12-01,AMT,Real Estate,232.0,236.39,231.72,235.83,2463338,USD
2020-12-02,AMT,Real Estate,234.27,235.83,228.69,228.9,2755200,USD
2020-12-03,AMT,Real Estate,229.38,230.63,225.87,226.22,3702871,USD
2020-12-04,AMT,Real Estate,226.75,228.9,224.44,228.67,3298454,USD
2020-12-07,AMT,Real Estate,227.82,228.72,223.45,224.27,2554530,USD
2020-12-08,AMT,Real Estate,223.82,224.7,222.26,223.61,2607345,USD
2020-12-09,AMT,Real Estate,222.68,222.95,216.22,219.44,3413493,USD
2020-12-10,AMT,Real Estate,220.62,221.92,218.5,219.41,3028093,USD
2020-12-11,AMT,Real Estate,218.0,220.17,215.41,219.82,2893621,USD
2020-12-14,AMT,Real Estate,221.43,222.43,216.43,216.72,2501582,USD
2020-12-15,AMT,Real Estate,217.74,218.29,215.56,217.25,2181373,USD
2020-12-16,AMT,Real Estate,218.28,219.8,215.68,219.62,2327836,USD
2020-12-17,AMT,Real Estate,221.1,223.6,220.13,222.71,2469265,USD
2020-12-18,AMT,Real Estate,222.18,223.23,219.84,221.52,4538084,USD
2020-12-21,AMT,Real Estate,219.13,220.5,217.3,219.78,1963474,USD
2020-12-22,AMT,Real Estate,219.07,220.85,218.29,220.49,1845688,USD
2020-12-23,AMT,Real Estate,221.5,223.56,217.4,217.4,1553462,USD
2020-12-24,AMT,Real Estate,216.44,219.39,216.19,218.65,705688,USD
2020-12-28,AMT,Real Estate,218.87,221.45,217.43,221.07,1839533,USD
2020-12-29,AMT,Real Estate,222.45,223.39,220.48,220.48,1283168,USD
2020-12-30,AMT,Real Estate,220.99,221.4,219.35,220.34,1361418,USD
2020-12-31,AMT,Real Estate,219.76,224.66,219.6,224.46,1669458,USD
