Date,OpenPrice,ClosePrice,Trend,VolumeTrend,Volatility,PriceDirection
2017-01-10,91.09,91.31,-0.15799999999999922,0.20232419122639853,0.45495494282401266,Negative
2017-01-11,91.66,90.52,-0.03799999999999946,0.1253564301220896,0.5245417047289964,Neutral
2017-01-12,90.65,90.44,0.27000000000000024,0.031306067354238465,0.5198230468149739,Positive
2017-01-13,90.45,90.51,0.353,0.03257180671822713,0.5580179208591798,Positive
2017-01-17,90.42,90.4,0.18299999999999822,0.05625002940347793,0.3399176370828677,Positive
2017-01-18,90.63,92.36,-0.36400000000000154,-0.10684547328455167,0.7583033693713874,Positive
2017-01-19,92.6,93.49,-0.7949999999999989,-0.15771110309107397,1.264547349844992,Positive
2017-01-20,93.36,93.85,-0.9769999999999964,-0.2027833463760634,1.4476104448365887,Positive
2017-01-23,94.13,94.57,-0.9829999999999971,-0.14490662040204494,1.4543259607116923,Positive
2017-01-24,94.61,94.76,-0.5880000000000006,0.1844494438817167,0.8586640786710485,Positive
2017-01-25,94.92,95.78,-0.5490000000000022,0.04393903487335994,0.7941032678436757,Positive
2017-01-26,95.67,96.39,-0.629000000000002,0.02108054826370871,0.9034378783292208,Neutral
2017-01-27,96.56,96.36,-0.5210000000000007,0.039644255986137605,0.7741679404366996,Negative
2017-01-30,96.58,96.32,-0.36999999999999744,0.03572244669682998,0.6228450850733243,Negative
2017-01-31,96.51,95.96,-0.02899999999999759,0.16064175611369338,0.24612192100664237,Positive
2017-02-01,96.11,96.13,0.0920000000000016,0.05016263874745316,0.16338910612400276,Positive
2017-02-02,95.61,95.95,0.10099999999999906,-0.08588684894748466,0.17281203661782282,Positive
2017-02-03,97.93,98.84,-0.503000000000003,-0.22952121389059346,1.1082418508610858,Positive
2017-02-06,99.18,101.11,-1.301000000000002,-0.2782129145651341,2.070298529198146,Positive
2017-02-07,100.83,100.0,-1.2900000000000003,-0.1426775071859726,2.061694448748408,Positive
2017-02-08,100.0,101.63,-1.2519999999999978,-0.0025802010228217352,2.020738478873501,Positive
2017-02-09,101.45,102.63,-0.8099999999999978,0.0718260034082191,1.311996951215967,Neutral
2017-02-10,102.33,102.77,-0.5949999999999985,0.13101239047869737,1.0224363060846364,Neutral
2017-02-13,102.32,102.63,-0.6399999999999991,0.10984446405823314,1.048854613375942,Neutral
2017-02-14,102.81,102.73,-0.22000000000000172,0.1116893111624475,0.42756987733001134,Neutral
2017-02-15,102.67,102.58,0.013999999999998649,0.06199241850164489,0.07054076835419455,Positive
2017-02-16,102.29,102.93,-0.02700000000000246,-0.009003136720193513,0.12172099243762667,Positive
2017-02-17,102.9,102.99,-0.09200000000000019,-0.11073013644770176,0.1620370328042337,Positive
2017-02-21,102.93,103.66,-0.2269999999999981,-0.175511101695238,0.37080453071665503,Positive
2017-02-22,103.37,104.56,-0.46899999999999975,-0.1459811787073561,0.7012731279608543,Positive
2017-02-23,104.49,104.53,-0.4769999999999995,-0.006361757711395256,0.710115483565878,Positive
2017-02-24,104.95,106.52,-0.7930000000000004,0.07766093997858045,1.1881986365923842,Positive
2017-02-27,106.44,107.72,-1.0079999999999998,-0.012875041499959458,1.4917694191797868,Positive
2017-02-28,107.53,108.7,-1.1470000000000002,-0.0758585644783857,1.6690787878347741,Positive
2017-03-01,108.31,109.35,-1.181999999999999,-0.1886888748609206,1.7087843632243354,Positive
2017-03-02,109.0,110.22,-0.903,-0.09550665363740635,1.284498345658725,Negative
2017-03-03,110.0,109.8,-0.5679999999999994,0.06246179251853129,0.8780068336863891,Positive
2017-03-06,109.61,110.21,-0.34699999999999825,0.11859734051878928,0.5750339120434531,Neutral
2017-03-07,109.81,109.73,-0.07500000000000125,0.030675700964850023,0.3263985294084518,Positive
2017-03-08,109.52,110.55,-0.059000000000000316,-0.004764442578619062,0.3019536388255636,Negative
2017-03-09,110.19,109.72,-0.018000000000000654,0.02472350944874633,0.3279878046513296,Positive
2017-03-10,109.94,110.28,-0.013000000000000973,0.09115337420258904,0.32504768880888674,Positive
2017-03-13,110.5,110.54,-0.1350000000000008,0.12252844619417634,0.3713004174519604,Positive
2017-03-14,110.67,111.02,-0.17600000000000046,0.0009166867465775848,0.4244714360236734,Positive
2017-03-15,110.72,110.77,-0.28399999999999886,0.015934563764367693,0.44630034729988627,Positive
2017-03-16,111.0,112.42,-0.4509999999999991,0.03323038882713067,0.7482673319075208,Positive
2017-03-17,112.8,112.7,-0.572,0.05135494470205231,0.8911565519032004,Positive
2017-03-20,113.2,113.0,-0.5890000000000013,-0.2297456411716587,0.9097340270650563,Positive
2017-03-21,113.04,114.01,-0.7060000000000015,-0.29981846410781465,1.052368756662799,Negative
2017-03-22,113.3,113.49,-0.34499999999999875,-0.23428685352263318,0.567401092702508,Negative
2017-03-23,113.9,113.0,-0.10899999999999878,-0.021780381203934836,0.4609121391328292,Negative
2017-03-24,112.82,112.95,0.11099999999999996,0.22381583129437732,0.41041442469776895,Negative
2017-03-27,112.32,111.79,0.49799999999999883,0.006648522158702011,0.7369233338685903,Positive
2017-03-28,111.23,112.38,0.3429999999999991,0.06322264216154415,0.5838972512351783,Positive
2017-03-29,112.14,112.8,0.09700000000000122,0.03864771418701063,0.452928250388512,Positive
2017-03-30,112.74,113.4,-0.19099999999999973,0.08269567795271526,0.5452559032234315,Negative
2017-03-31,113.16,113.52,-0.4479999999999989,0.1807884969544935,0.6438136376312624,Negative
2017-04-03,113.54,112.9,-0.17600000000000196,0.03778761921222638,0.4158845993782424,Positive
2017-04-04,112.91,112.91,0.028000000000000136,0.02559465149812897,0.294047615191826,Neutral
2017-04-05,113.17,113.45,0.05100000000000048,-0.19527147254406235,0.27295420861382563,Negative
2017-04-06,113.5,113.19,0.01099999999999992,-0.15928979065416413,0.2603536056980957,Neutral
2017-04-07,113.38,112.59,0.034000000000000405,-0.06319332748000914,0.29136918162358844,Positive
2017-04-10,112.86,113.6,-0.05199999999999964,-0.04297665250579827,0.36476841968569435,Neutral
2017-04-11,113.6,113.05,0.039000000000001464,0.09487093182041823,0.3505196142871304,Positive
2017-04-12,113.48,113.42,-0.09200000000000018,0.004862408892190454,0.3460057802985356,Positive
2017-04-13,113.69,113.78,-0.22000000000000025,0.06099192985247452,0.424424315985782,Positive
2017-04-17,113.48,113.06,0.03499999999999805,0.13556188236643618,0.2902688409044274,Positive
2017-04-18,113.14,114.74,-0.30199999999999966,0.039467914008755836,0.6257795138864789,Negative
2017-04-19,114.69,115.21,-0.4539999999999978,-0.0671477663368431,0.8088609274776438,Negative
2017-04-20,115.08,113.91,-0.24099999999999808,-0.03540414036887527,0.7554865981604143,Negative
2017-04-21,109.15,109.98,0.6989999999999997,-0.3090628555258741,1.851583106425414,Positive
2017-04-24,109.78,109.62,1.5469999999999968,-0.1811507344148449,2.400428295117348,Positive
2017-04-25,110.48,112.39,0.9929999999999971,0.018925479043112238,2.172679451736952,Negative
2017-04-26,112.38,113.09,-0.07700000000000114,0.09566401721009342,1.7046454176748878,Negative
2017-04-27,112.86,111.15,-0.5810000000000001,0.3450277804663995,1.3390235248120168,Negative
2017-04-28,111.2,110.19,0.010000000000001012,-0.010541504776056298,1.3014207620904163,Positive
2017-05-01,110.13,110.84,0.5999999999999999,-0.0064991042914787816,1.0572870944071917,Negative
2017-05-02,111.0,110.55,0.5390000000000013,0.069325122299637,1.0139349091534444,Neutral
2017-05-03,110.6,110.47,0.10000000000000135,0.1270525071014859,0.3285117958308377,Positive
2017-05-04,110.4,110.61,-0.04699999999999989,0.15762887080881546,0.21075103795711356,Positive
2017-05-05,110.89,111.2,-0.0780000000000002,-0.0030706666051983494,0.26356023979348825,Positive
2017-05-08,111.51,112.25,-0.413000000000001,-0.0442723587490946,0.6688377979749658,Negative
2017-05-09,112.09,112.63,-0.5959999999999993,-0.06342577089333794,0.8670963037633121,Negative
2017-05-10,112.94,111.93,-0.40700000000000053,-0.11425814076572374,0.728768824799743,Negative
2017-05-11,111.7,110.83,0.10600000000000036,-0.06391912262800004,0.6639397563032348,Positive
2017-05-12,110.73,111.19,0.3920000000000001,-0.03811460710279392,0.6656605741667446,Positive
2017-05-15,110.96,111.71,0.2580000000000012,0.12039902441122341,0.620657715653322,Positive
2017-05-16,111.89,112.36,-0.17399999999999807,0.15008891878606262,0.5402814081568987,Positive
2017-05-17,112.95,113.52,-0.6549999999999997,0.01770398907819189,0.9506503037394977,Positive
2017-05-18,113.34,113.75,-0.6930000000000003,-0.09398480513574493,0.9962449497989947,Positive
2017-05-19,113.78,113.58,-0.5130000000000006,-0.11495296155816667,0.805198112268032,Positive
2017-05-22,113.99,114.74,-0.48199999999999904,-0.13739949615679375,0.7570997292299066,Positive
2017-05-23,115.03,116.22,-0.6390000000000001,0.02802474488165959,1.0285990472482465,Positive
2017-05-24,116.18,116.46,-0.8059999999999987,0.03107020916323542,1.2044915939930827,Positive
2017-05-25,116.86,117.43,-0.9420000000000011,0.039699757340706625,1.3605822283125728,Positive
2017-05-26,117.79,119.48,-1.0690000000000024,0.0999504877951967,1.5654469010477523,Positive
2017-05-30,119.25,119.83,-1.0240000000000002,0.08527131856144399,1.5057835169771265,Positive
2017-05-31,119.25,119.95,-0.9380000000000009,0.06218772354853112,1.4180126938783038,Positive
2017-06-01,120.48,119.8,-0.5209999999999974,-0.10261421999110648,0.9468558496413249,Positive
2017-06-02,120.0,120.9,-0.2810000000000003,-0.2172611681501999,0.4798916544387926,Positive
2017-06-05,121.35,121.79,-0.48700000000000165,-0.11878268068505597,0.7816546552026701,Positive
2017-06-06,121.5,121.97,-0.603,0.09162746179335945,0.8997644136105861,Neutral
2017-06-07,121.77,122.0,-0.5469999999999997,0.15300155437262564,0.8471930122469152,Negative
2017-06-08,121.96,122.3,-0.30099999999999755,0.05379782176350478,0.47511682773818625,Negative
2017-06-09,121.85,121.11,0.10300000000000166,-0.05329117306681581,0.3973210288922542,Negative
2017-06-12,120.97,120.12,0.4589999999999989,-0.11408068711935261,0.795914568279785,Negative
2017-06-13,120.04,119.17,0.7839999999999987,-0.12689004702764492,1.1668247511944525,Positive
2017-06-14,118.87,118.69,0.9159999999999991,-0.08089701747717179,1.3080581026850442,Positive
2017-06-15,119.0,119.75,0.41500000000000026,0.013611488656036933,0.8300457818698923,Positive
2017-06-16,119.23,120.51,-0.13600000000000004,0.03955322391562063,0.6515335754970752,Positive
2017-06-19,119.88,121.84,-0.7160000000000011,-0.10050780993653644,1.1057015872286717,Neutral
2017-06-20,122.06,122.9,-1.0510000000000013,-0.013231768729525226,1.4907098980016227,Negative
2017-06-21,122.73,122.11,-0.7109999999999994,0.053688529316122544,1.1366512217914526,Negative
2017-06-22,121.1,120.19,0.0370000000000022,0.14322767523526722,1.0142386306979254,Negative
2017-06-23,120.15,119.71,0.6970000000000026,0.24955155717529265,1.2046078199978651,Negative
2017-06-26,119.85,119.56,0.9080000000000009,0.0003744898987053697,1.354970110371445,Negative
2017-06-27,119.69,119.51,0.5829999999999982,0.07752914349754152,0.9770076765307419,Negative
2017-06-28,119.6,118.14,0.42999999999999866,-0.038117771887461356,0.6845553301231381,Negative
2017-06-29,118.7,118.93,0.2979999999999975,0.004493160074074336,0.5792754094556396,Negative
2017-06-30,118.4,117.08,0.5540000000000005,0.012212581197664215,0.9349780746092415,Positive
2017-07-03,117.23,117.45,0.5180000000000006,-0.06255312636925525,0.9018957811188631,Positive
2017-07-05,117.86,116.9,0.39599999999999935,0.18464322913174286,0.7474489949153734,Positive
2017-07-06,116.17,118.54,0.09599999999999921,-0.05148960905015688,0.8091229819996483,Negative
2017-07-07,118.21,118.35,-0.3629999999999995,-0.08941993835417776,0.6646081552313355,Negative
2017-07-10,118.56,117.9,-0.23499999999999932,-0.036523879285449666,0.5981103577100118,Neutral
2017-07-11,117.98,118.16,-0.18799999999999814,-0.023718371181797867,0.5753607563954963,Negative
2017-07-12,118.35,117.21,0.2850000000000023,0.10677900286516091,0.4623159093087779,Positive
2017-07-13,118.15,118.23,0.09299999999999915,0.027567149924930773,0.4075782133529723,Positive
2017-07-14,118.32,117.51,0.07099999999999937,-0.06712163961496181,0.3890192797278835,Positive
2017-07-17,118.02,119.13,-0.22400000000000098,-0.10960545622820964,0.6645419475097109,Positive
2017-07-18,119.44,119.0,-0.4480000000000004,0.014828465447337997,0.769508934321103,Positive
2017-07-19,119.0,119.64,-0.4309999999999987,0.011285993357514066,0.7477272229897719,Positive
2017-07-20,119.51,121.62,-0.8730000000000002,-0.06299627794718467,1.3258205006711885,Negative
2017-07-21,118.66,119.86,-0.4080000000000009,-0.20253637228028426,0.9400000000000024,Negative
2017-07-24,119.57,119.58,-0.13799999999999943,-0.12411046226459697,0.8867919710958164,Negative
2017-07-25,119.43,118.89,0.35400000000000065,0.0008737585657861465,0.9108765009593797,Negative
2017-07-26,119.53,117.82,0.8570000000000019,0.08244275165002919,1.2498255878321614,Positive
2017-07-27,117.93,117.65,0.6179999999999992,0.06911367067388303,0.8961026726887936,Neutral
2017-07-28,117.65,118.19,0.40199999999999936,-0.029977349439586035,0.7172335742280889,Negative
2017-07-31,118.21,118.51,0.038999999999998564,-0.6650058754273935,0.45132693250015626,Negative
2017-08-01,117.13,116.71,0.13600000000000004,-0.3746237539457906,0.6106259083923671,Negative
2017-08-02,117.01,115.88,0.5020000000000023,-0.10371354012659523,0.969997938142142,Negative
2017-08-03,115.81,114.46,1.0090000000000017,0.1887987702873278,1.4949113686101962,Positive
2017-08-04,114.79,114.49,1.029000000000002,0.5445516899329288,1.5145824507104295,Positive
2017-08-07,115.43,114.76,0.5289999999999973,0.03220324761570766,0.8910443311081654,Positive
2017-08-08,114.75,115.86,-0.026000000000002108,0.07566669194507043,0.6454145954345939,Negative
2017-08-09,115.49,114.67,-0.17900000000000196,0.10856307240608508,0.5181273974612818,Neutral
2017-08-10,114.99,115.41,-0.17500000000000002,0.09226720791201268,0.5151854035199364,Negative
2017-08-11,115.03,114.22,0.15300000000000163,0.08043693791798996,0.5798827467686885,Positive
2017-08-14,115.05,114.88,0.241000000000001,0.036734412414113744,0.5725521810280698,Positive
2017-08-15,114.89,114.76,0.034999999999999344,-0.02613407125691607,0.38280020898635764,Positive
2017-08-16,114.89,116.82,-0.33599999999999997,-0.09643061916923937,0.8858081056301051,Negative
2017-08-17,116.77,117.73,-0.8960000000000005,-0.020939673234664842,1.3505613647665182,Negative
2017-08-18,117.75,115.93,-0.5070000000000018,-0.03102002970626491,1.1366019531920573,Neutral
2017-08-21,115.75,115.33,-0.02499999999999983,-0.04256110152311045,1.057517848549138,Positive
2017-08-22,115.29,116.25,0.35399999999999904,0.06332541558912222,0.8164410572723547,Negative
2017-08-23,116.34,116.23,0.26800000000000046,0.08174857863236662,0.791191506526708,Negative
2017-08-24,116.01,115.46,0.004000000000002139,0.14339426742426217,0.38283155564817556,Negative
2017-08-25,115.66,114.52,0.2410000000000011,0.0916653844353741,0.6433474955263315,Positive
2017-08-28,115.19,114.8,0.46100000000000113,-0.05404904021216976,0.712162902712577,Positive
2017-08-29,115.22,115.54,0.203999999999999,-0.10761663971175292,0.6009991680526716,Positive
2017-08-30,115.16,116.55,-0.3200000000000018,-0.05495596492495753,0.703806791669419,Positive
2017-08-31,116.0,116.43,-0.557000000000002,0.007870818738844496,0.824169885399851,Positive
2017-09-01,116.73,116.93,-0.5150000000000019,-0.08959180393360151,0.7734856171901343,Positive
2017-09-05,117.17,117.83,-0.49599999999999933,-0.06886634387425487,0.7431177564827776,Positive
2017-09-06,117.42,117.67,-0.36400000000000005,-0.028227307325903894,0.5720978937209945,Positive
2017-09-07,118.0,118.62,-0.5119999999999991,-0.010655966692171753,0.7565606386800714,Negative
2017-09-08,118.24,118.92,-0.47699999999999954,0.02713236735007348,0.7089880111821347,Negative
2017-09-11,119.06,117.06,0.028999999999999374,-0.04114439292017461,0.6708502068271283,Neutral
2017-09-12,117.58,117.93,0.10399999999999923,0.010597698931395106,0.6663632642935834,Negative
2017-09-13,118.07,117.05,0.4130000000000009,0.10042507088597594,0.7728544494275763,Negative
2017-09-14,116.74,116.86,0.41300000000000076,0.08170397979029177,0.7728544494275764,Negative
2017-09-15,116.86,116.73,0.1730000000000003,0.009692232516298827,0.4205044589537686,Negative
2017-09-18,116.58,115.79,0.45999999999999935,-0.19995139408007764,0.6844092343035706,Negative
2017-09-19,115.69,116.08,0.30099999999999894,-0.15121430435395616,0.4828001657000525,Negative
2017-09-20,115.99,115.36,0.3650000000000005,-0.010201715196733905,0.5653529870797536,Negative
2017-09-21,115.44,113.43,0.7030000000000002,0.09082531785310692,1.1167345253013345,Negative
2017-09-22,113.3,112.92,0.8390000000000002,0.14976105903108441,1.289039952833114,Negative
2017-09-25,113.06,112.51,0.9579999999999979,0.0036354330692893572,1.4049483976288926,Neutral
2017-09-26,112.77,113.25,0.5139999999999999,-0.08120534941701862,0.984207295238151,Negative
2017-09-27,112.28,112.21,0.21100000000000282,-0.04114054277888711,0.4528840911314975,Negative
2017-09-28,111.99,111.61,0.2920000000000015,-0.05760667034683384,0.568366079213038,Negative
2017-09-29,112.17,111.8,0.30600000000000166,0.0019112742393879085,0.5792961246202165,Negative
2017-10-02,111.78,111.01,0.4889999999999986,0.05677286578910424,0.7451067037679889,Neutral
2017-10-03,111.23,110.87,0.3279999999999972,0.0015846404911960999,0.4986381453519132,Neutral
2017-10-04,110.66,110.19,0.37699999999999945,0.048301509276406175,0.5725591672482411,Positive
2017-10-05,110.48,111.42,0.15799999999999972,-0.009556897413471592,0.5427117098423432,Positive
2017-10-06,111.46,111.54,-0.161,-0.07879910150338665,0.47768608939344476,Positive
2017-10-09,111.48,111.27,-0.21499999999999905,-0.1655866911812437,0.4893015430182104,Positive
2017-10-10,111.58,113.37,-0.6210000000000008,-0.06639002454666236,1.0253857810599896,Positive
2017-10-11,114.12,115.17,-0.9330000000000002,0.07144656289227153,1.514735620496198,Negative
2017-10-12,114.87,114.26,-0.9339999999999999,0.11466531500110895,1.5154854007874847,Negative
2017-10-13,114.66,114.53,-0.7410000000000007,0.10199020901823272,1.354636482603361,Negative
2017-10-16,114.96,113.99,-0.05999999999999795,0.03720308789651047,0.5942928570999315,Negative
2017-10-17,114.05,113.52,0.3570000000000021,0.10502839023782808,0.5505851432794046,Negative
2017-10-18,113.12,112.65,0.4230000000000005,-0.017973376902072374,0.6604543890383338,Negative
2017-10-19,112.62,112.51,0.5379999999999978,-0.05994752232212978,0.7727871634544634,Negative
2017-10-20,109.04,108.15,1.2689999999999968,-0.47668944830589105,2.080438415334611,Positive
2017-10-23,108.56,109.52,1.2499999999999998,-0.4832119108753511,2.06404457316212,Negative
2017-10-24,109.45,109.36,0.9570000000000018,-0.08845095679759948,1.812505448267675,Negative
2017-10-25,109.17,108.57,0.6670000000000026,0.11239500149586919,1.5292534126167596,Negative
2017-10-26,108.41,107.0,0.3250000000000013,0.3821049946455018,0.911635892228908,Negative
2017-10-27,107.5,106.93,0.7539999999999977,0.05329465314671381,1.1179373864398638,Negative
2017-10-30,106.66,105.94,0.8479999999999985,-0.03174694216521659,1.2324771803161292,Negative
2017-10-31,105.71,104.7,0.8799999999999979,-0.07481046968112971,1.2799593743552933,Negative
2017-11-01,104.75,104.64,0.6950000000000001,-0.10371893169447403,1.0279377413053776,Negative
2017-11-02,104.78,103.75,0.7660000000000007,-0.03989608492300432,1.1141166904772604,Negative
2017-11-03,103.71,102.8,0.7230000000000002,0.05337115650558177,1.048419763262788,Neutral
2017-11-06,103.0,102.66,0.5920000000000013,0.09337765595306456,0.8691605145196162,Neutral
2017-11-07,102.62,102.14,0.6090000000000003,0.07054365424713079,0.8889634413180338,Positive
2017-11-08,102.06,103.02,0.21200000000000016,0.015408696576429579,0.5251133211031691,Neutral
2017-11-09,103.02,103.09,-0.09400000000000117,-0.03412878496088396,0.33789939331108587,Neutral
2017-11-10,102.91,102.46,-0.05499999999999966,-0.0313479442611842,0.35324778838656645,Positive
2017-11-13,102.09,103.02,-0.11999999999999887,-0.0346646968869256,0.3788192180974986,Negative
2017-11-14,103.11,103.51,-0.09100000000000114,0.0005342746435169123,0.3342454188167768,Negative
2017-11-15,103.39,102.72,-0.0310000000000002,-0.0036795105604096033,0.3551337776106387,Negative
2017-11-16,102.32,102.05,0.11199999999999904,-0.05739175206636618,0.49507171197716665,Positive
2017-11-17,102.5,102.66,0.21800000000000064,0.06980083503006859,0.47763584455105773,Neutral
2017-11-20,102.21,102.64,0.18000000000000105,0.022068933656102567,0.4653858614096505,Positive
2017-11-21,102.66,102.54,-0.023000000000001842,0.0195783529246157,0.24301440286534526,Positive
2017-11-22,102.93,103.36,-0.25000000000000144,-0.003461292639054915,0.418664543519033,Negative
2017-11-24,103.41,103.54,-0.2480000000000018,-0.021136622111750828,0.41580764783731516,Negative
2017-11-27,103.8,103.18,-0.20800000000000113,0.16680601665152808,0.3952922969145745,Negative
2017-11-28,103.25,102.72,-0.01799999999999919,0.123848647325254,0.3795997892517859,Neutral
2017-11-29,102.82,102.88,0.1780000000000015,-0.013522984326186692,0.3013038333642666,Neutral
2017-11-30,102.52,102.68,0.20200000000000098,-0.09679167426213485,0.3222421449779673,Positive
2017-12-01,102.71,102.75,0.09000000000000048,-0.3081346613728786,0.18181309083781746,Positive
2017-12-04,102.83,103.71,-0.18499999999999941,-0.4221470250014971,0.38685397761945994,Positive
2017-12-05,103.96,104.61,-0.4489999999999995,-0.08759970353586481,0.7408265653984053,Positive
2017-12-06,104.71,105.46,-0.7419999999999973,0.017044756875573077,1.0740465539258497,Positive
2017-12-07,105.54,107.6,-1.144999999999999,0.1250305436106587,1.655229289252699,Negative
2017-12-08,107.47,106.7,-0.8970000000000012,0.06496083906462992,1.3986078792856853,Neutral
2017-12-11,106.51,106.59,-0.5200000000000014,0.03182493456269012,1.0428307628757412,Positive
2017-12-12,106.6,106.04,-0.01500000000000332,0.0816934894069547,0.7139859942603912,Positive
2017-12-13,106.23,107.3,0.12599999999999908,0.047850921675765254,0.5497490336508062,Positive
2017-12-14,107.09,108.24,-0.37899999999999784,-0.06914476217208343,0.7488551261759472,Neutral
2017-12-15,108.02,107.68,-0.43799999999999945,-0.07232521278207177,0.7791277173865626,Positive
2017-12-18,108.43,109.68,-0.7660000000000012,-0.3531654393756698,1.1907375865403762,Negative
2017-12-19,109.76,107.97,-0.27800000000000125,-0.17747363484153017,0.8150975401754098,Negative
2017-12-20,108.44,108.12,-0.005000000000001093,0.07136033836836175,0.6966318970589861,Negative
2017-12-21,106.0,104.37,0.8180000000000008,0.02183769667149341,1.741638309179033,Neutral
2017-12-22,104.5,104.78,1.34,0.25139185830229327,2.0601805746099062,Negative
2017-12-26,104.83,104.65,0.9979999999999989,0.041791044237436,1.6935572030492494,Neutral
2017-12-27,104.78,104.11,0.7740000000000004,0.19779218957695763,1.4752708225949576,Positive
2017-12-28,104.55,104.71,-0.0009999999999974539,0.279364620783378,0.24944738924270135,Positive
2017-12-29,104.9,104.81,-0.01199999999999906,0.04608477524917515,0.257091423427543,Neutral
2018-01-02,105.08,105.65,-0.2700000000000003,-0.09316254888750655,0.49564503427352324,Negative
2018-01-03,105.82,104.39,-0.15000000000000135,-0.31508106642074235,0.520215340027572,Negative
2018-01-04,104.36,104.26,0.1319999999999979,-0.25534973122883836,0.4866045622474177,Negative
2018-01-05,104.24,103.47,0.4070000000000008,-0.1454682070299983,0.7138515251787326,Positive
2018-01-08,103.27,104.3,0.3620000000000018,0.007172240559934676,0.7008737404126388,Positive
2018-01-09,103.98,104.14,0.04600000000000089,-0.014625396861265239,0.3309017981214373,Positive
2018-01-10,104.75,104.89,-0.19299999999999928,-0.028094609927445616,0.4528752587633823,Neutral
2018-01-11,105.02,105.63,-0.49099999999999955,0.04595102119725656,0.7291803617761511,Negative
2018-01-12,106.32,104.86,-0.26099999999999984,0.05466124008774873,0.525303721669663,Neutral
2018-01-16,105.57,104.5,-0.0689999999999997,-0.02961427761644161,0.4952009693043809,Positive
2018-01-17,104.55,104.87,0.11699999999999876,-0.11503742161413791,0.36959437225152475,Positive
2018-01-18,105.08,105.79,-0.03300000000000275,-0.06021953316644564,0.49457052075512986,Positive
2018-01-19,105.46,105.07,-0.17099999999999932,0.039328931286186704,0.42752309879116657,Positive
2018-01-22,105.58,108.92,-0.9039999999999992,0.027033020676980796,1.6011121135011137,Positive
2018-01-23,109.15,108.81,-1.1009999999999989,0.006840996466684871,1.800782052331709,Positive
2018-01-24,108.5,109.53,-1.122,-0.0028174416404409723,1.8223896400056727,Neutral
2018-01-25,109.56,110.6,-1.1670000000000003,0.03745766503807445,1.8692950542918594,Negative
2018-01-26,110.43,107.49,0.10700000000000241,-0.28180294242347376,1.0138047149229479,Positive
2018-01-29,107.36,110.19,-0.0719999999999985,-0.18083338030705698,1.0998472621232458,Negative
2018-01-30,109.63,108.61,0.22499999999999992,-0.04085348043420505,1.121242168311556,Negative
2018-01-31,108.2,107.94,0.41999999999999876,0.22604165260521342,1.2268757068260823,Negative
2018-02-01,108.23,107.23,0.2769999999999981,0.35183538993734254,1.0581568881786851,Negative
2018-02-02,107.04,105.17,1.1419999999999988,-0.03648100104240015,1.6507985946201902,Negative
2018-02-05,105.0,103.44,1.3110000000000002,-0.14134573882867155,1.907284981328171,Negative
2018-02-06,102.93,98.69,2.229000000000001,-0.22879424675209656,3.304993797271034,Positive
2018-02-07,97.31,100.33,2.028000000000001,-0.2306898537819,3.1143692780400998,Negative
2018-02-08,99.9,98.88,1.5690000000000002,0.004408542965244032,2.575495292171975,Positive
2018-02-09,99.52,100.39,0.5909999999999994,-0.09984079568530034,1.7009714871214043,Positive
2018-02-12,100.9,99.94,-0.2560000000000001,-0.08751648679514756,0.7222908001629272,Positive
2018-02-13,100.27,102.4,-0.5200000000000016,0.02863382626504817,1.142478008541087,Positive
2018-02-14,101.74,103.05,-1.0350000000000004,0.06479216263087255,1.557528811932545,Positive
2018-02-15,102.75,102.54,-0.7410000000000007,0.3150116134645543,1.2510251796027143,Positive
2018-02-16,102.56,103.69,-0.764,0.11853215219053964,1.2750623514165889,Neutral
2018-02-20,103.31,104.31,-0.4459999999999992,0.0337391978226754,0.716976987078384,Negative
2018-02-21,103.7,102.85,-0.13699999999999887,0.02255492647485073,0.6346778710495584,Positive
2018-02-22,103.1,103.72,-0.15199999999999816,-0.04686340277005908,0.6409804989233289,Positive
2018-02-23,103.66,102.98,0.2009999999999991,0.00292996978675828,0.535350352572968,Positive
2018-02-26,103.65,106.11,-0.37300000000000044,0.015396020374610724,1.1823129873261145,Negative
2018-02-27,106.23,106.68,-1.0050000000000026,-0.048434825741526716,1.6112529286241832,Negative
2018-02-28,106.39,104.08,-0.4420000000000001,0.022929029028147724,1.4290360387338044,Positive
2018-03-01,105.4,103.55,0.08900000000000173,-0.03773225854543985,1.4540839040440563,Positive
2018-03-02,103.67,104.68,0.5989999999999993,-0.08368694967267931,1.1919563750406328,Positive
2018-03-05,104.31,106.81,-0.08600000000000017,-0.07083301725006301,1.3432646798006738,Positive
2018-03-06,106.04,107.7,-1.0500000000000014,-0.05604337168634713,1.6096533788365757,Positive
2018-03-07,107.76,107.98,-1.1880000000000006,-0.005982455643585583,1.7382588990136092,Neutral
2018-03-08,106.97,106.89,-0.5589999999999985,0.13116286412747558,1.1579533669366815,Positive
2018-03-09,107.16,109.0,-0.3569999999999996,0.09930398010798883,0.8017131656646281,Negative
2018-03-12,109.46,108.3,-0.22199999999999834,0.06913031270483501,0.6941354334710187,Negative
2018-03-13,107.99,107.14,0.02700000000000109,0.014263703033010774,0.7703090288968443,Negative
2018-03-14,107.58,107.24,0.11600000000000114,-0.03606985059140513,0.8037810647184965,Negative
2018-03-15,107.51,105.61,0.7840000000000001,0.0637015659561357,1.1532978799945832,Negative
2018-03-16,105.29,104.99,0.8150000000000006,0.082599859095587,1.1956353959297128,Negative
2018-03-19,105.0,103.46,0.9610000000000012,-0.1401808951213933,1.4123937128152348,Negative
2018-03-20,103.13,101.74,1.3150000000000006,-0.1423203950827983,1.8772682280377522,Negative
2018-03-21,101.88,100.27,1.3930000000000007,-0.1341738514953168,1.9897396814658954,Negative
2018-03-22,99.08,97.75,1.7669999999999981,-0.045962614451376935,2.5121257930286833,Negative
2018-03-23,97.56,97.67,1.556999999999997,-0.10237993444491955,2.254110911202017,Negative
2018-03-26,98.3,95.63,1.481999999999999,-0.07180689581182789,2.1473742105185103,Positive
2018-03-27,96.49,96.35,0.9960000000000007,0.0023946814200138857,1.5860592674928644,Positive
2018-03-28,96.36,96.73,0.33599999999999963,0.03537540515935805,0.8040298501921453,Positive
2018-03-29,97.45,99.79,-0.5340000000000018,0.045150893008178795,1.4374644343426415,Negative
2018-04-02,100.28,99.4,-1.0980000000000032,0.021832095442669956,1.6872699843237935,Neutral
2018-04-03,99.59,97.54,-0.5050000000000026,0.08493214556767696,1.393117367632752,Positive
2018-04-04,98.29,99.85,-0.3989999999999978,0.11149366469130444,1.2821762749325833,Positive
2018-04-05,99.19,100.92,-0.27099999999999785,0.036008950777108646,1.102234094918133,Positive
2018-04-06,101.39,101.7,-0.7979999999999987,-0.03321008280380379,1.421328955590505,Negative
2018-04-09,101.62,101.02,-0.8809999999999985,0.013638148331567993,1.458678854306182,Neutral
2018-04-10,101.48,100.7,-0.18000000000000077,0.06793915849628109,0.5963354760535405,Neutral
2018-04-11,101.25,101.1,0.06400000000000151,0.08434959296432559,0.3340898082851379,Neutral
2018-04-12,100.91,100.72,0.18800000000000094,0.0763235734673143,0.36256861419598974,Positive
2018-04-13,101.33,100.25,0.15199999999999952,0.08065352717805788,0.29949290475735607,Positive
2018-04-16,100.79,101.85,-0.14499999999999894,-0.004108507080948918,0.5356342035381958,Positive
2018-04-17,102.26,102.95,-0.48300000000000115,-0.06029259875410416,0.9462050517726069,Negative
2018-04-18,103.2,103.3,-0.7859999999999996,-0.19038736998900171,1.195233868328705,Negative
2018-04-19,102.89,101.44,-0.38299999999999973,-0.17026485082323123,1.0938263116235596,Negative
2018-04-20,93.52,85.64,3.3929999999999993,-2.4078561958315037,6.73278129750254,Negative
2018-04-23,85.71,84.27,5.5020000000000024,-1.6836939628148588,8.65975288331024,Negative
2018-04-24,84.11,83.67,5.642999999999996,-0.5934431885027274,8.784423942410793,Negative
2018-04-25,83.15,82.49,3.9869999999999997,0.2772678070290489,7.0425148917130445,Negative
2018-04-26,82.6,81.81,0.9439999999999996,1.4181632190121596,1.3452672596922888,Positive
2018-04-27,82.22,81.49,0.7420000000000002,0.04535463211364225,1.0672881522812856,Positive
2018-04-30,81.56,82.56,0.32199999999999995,0.08470673765034108,0.7513614310037494,Negative
2018-05-01,82.75,82.0,0.022999999999999046,0.14061822507800414,0.40630038149133024,Negative
2018-05-02,81.4,81.2,0.07099999999999934,0.07417122748605852,0.4632666618698141,Negative
2018-05-03,81.02,80.1,0.414,0.08969073706227595,0.8269461893013377,Positive
2018-05-04,80.12,80.44,0.6140000000000014,0.01796693807915509,0.9229517863897359,Positive
2018-05-07,80.54,81.87,0.10199999999999962,0.009743389645168058,0.7544640481825521,Negative
2018-05-08,81.9,81.51,-0.23900000000000146,0.014906065750127335,0.6599575743939949,Positive
2018-05-09,81.34,80.81,-0.24900000000000222,0.08717342061661196,0.6575895376296715,Positive
2018-05-10,81.0,81.99,-0.20399999999999915,0.030611316841376152,0.6036422781747485,Negative
2018-05-11,81.94,83.0,-0.273999999999998,0.02341622261181522,0.7125615762865678,Negative
2018-05-14,82.71,81.2,-0.15699999999999922,-0.06473500645185425,0.7552853765299562,Negative
2018-05-15,81.25,80.86,0.06899999999999988,-0.04237489796428655,0.8294431867222722,Negative
2018-05-16,80.42,79.93,0.6259999999999977,-0.13053678222728213,1.0392805203601165,Positive
2018-05-17,80.39,80.89,0.5489999999999995,-0.08989271575479597,1.0061530698656127,Negative
2018-05-18,80.89,81.04,0.02899999999999913,0.017896144931959852,0.44382879582109,Negative
2018-05-21,81.26,80.75,-0.08900000000000007,0.01447642547831121,0.3930699683262495,Negative
2018-05-22,81.0,80.15,-0.02999999999999963,0.07394921076030227,0.4336081180051853,Positive
2018-05-23,80.25,79.87,0.29299999999999926,-0.005683754457200826,0.451131909755893,Positive
2018-05-24,79.93,81.7,-0.043999999999999886,-0.08377691942489818,0.6495352184446962,Negative
2018-05-25,81.6,81.61,-0.3269999999999996,-0.01973913793806567,0.7422560205212199,Negative
2018-05-29,81.75,80.34,-0.2119999999999989,0.04902602778906797,0.7672444199862241,Negative
2018-05-30,79.8,79.27,0.2560000000000017,-0.042829046384787045,0.9581941348182015,Neutral
2018-05-31,79.75,80.32,0.5100000000000021,0.00853571220015442,0.9092282441719481,Negative
2018-06-01,80.29,79.54,0.41599999999999937,-0.1085351240563975,0.8150239260291684,Negative
2018-06-04,79.45,78.18,0.40499999999999825,-0.10445919095193228,0.79629140394707,Negative
2018-06-05,78.08,78.41,0.3859999999999984,0.11782219142419542,0.7776528788604823,Negative
2018-06-06,78.51,77.51,0.6749999999999983,-0.00697175071780526,1.0058111154685028,Positive
2018-06-07,77.55,76.85,0.6050000000000024,-0.04774347371988838,0.9040663692450931,Positive
2018-06-08,76.85,77.39,0.31400000000000144,-0.025662000127294343,0.5628641043804462,Positive
2018-06-11,78.27,79.42,-0.19000000000000067,-0.02806449485709115,0.9037610303614567,Positive
2018-06-12,80.27,80.47,-0.8489999999999995,0.18002227830834758,1.3794259675676694,Neutral
2018-06-13,80.26,80.32,-1.0019999999999998,0.13099731992460645,1.498919610919812,Positive
2018-06-14,80.67,80.1,-0.6319999999999976,0.03124428481359524,1.1334725404702115,Positive
2018-06-15,80.21,80.85,-0.24899999999999792,0.03787927067460288,0.4739367046346991,Neutral
2018-06-18,80.54,81.88,-0.3349999999999994,-0.22375344874429992,0.6275858507009223,Negative
2018-06-19,81.5,80.03,-0.12000000000000156,-0.17829572600310412,0.6852328071538891,Positive
2018-06-20,80.03,80.84,-0.06600000000000246,-0.06909849941186735,0.6686404115815907,Negative
2018-06-21,80.79,81.75,-0.07600000000000198,0.08080878163049657,0.6784393856491516,Negative
2018-06-22,79.6,79.47,0.3099999999999995,0.2365486029102775,0.9415009293675701,Positive
2018-06-25,79.9,80.19,0.1050000000000011,-0.006312326419623386,0.7805536496615726,Negative
2018-06-26,79.48,79.97,0.33000000000000107,0.08767915225248041,0.7874414263931009,Positive
2018-06-27,80.2,79.77,0.3460000000000007,0.023459694251555356,0.796090447122688,Positive
2018-06-28,79.8,79.9,-0.04400000000000124,-0.013801836229433496,0.23782346393911613,Positive
2018-06-29,80.5,81.66,-0.2870000000000004,-0.01561709044889876,0.6944753415348873,Negative
2018-07-02,81.93,80.74,-0.3429999999999992,-0.010802599886549023,0.711994382000306,Positive
2018-07-03,80.62,80.24,-0.17799999999999855,0.1778394588956572,0.6865100144935965,Positive
2018-07-05,80.85,81.12,-0.10199999999999947,0.1512427625673334,0.6238717816987707,Positive
2018-07-06,81.15,82.03,-0.11200000000000189,0.0918985366209004,0.6373821459689645,Positive
2018-07-09,82.25,82.26,-0.4830000000000026,-0.004205559639184303,0.7644187334177553,Positive
2018-07-10,82.3,82.18,-0.5020000000000022,-0.049420044541909874,0.7786038787470848,Positive
2018-07-11,82.44,82.67,-0.32499999999999984,-0.02421561882848417,0.511992187440394,Positive
2018-07-12,82.88,82.84,-0.20300000000000004,-0.09090994216452213,0.3070244289954787,Negative
2018-07-13,83.11,83.2,-0.2539999999999991,-0.07190878189022441,0.37682887362833406,Negative
2018-07-16,82.9,82.68,-0.15300000000000008,-0.16958571257995153,0.3287308929808684,Negative
2018-07-17,82.7,81.92,0.16599999999999968,-0.17777639849709292,0.4176314164427772,Neutral
2018-07-18,81.83,82.33,0.23000000000000104,-0.03413333133562754,0.4379771683546997,Neutral
2018-07-19,82.52,82.15,0.24500000000000022,-0.013261210416864518,0.4473298559228978,Positive
2018-07-20,79.0,80.9,0.33299999999999985,-0.35764542884107164,0.6016843026039481,Positive
2018-07-23,80.1,84.31,-0.335000000000001,-0.2685811975405711,1.1104485580160828,Negative
2018-07-24,83.42,83.22,-0.3939999999999997,-0.08109100014087926,1.1377416226894383,Positive
2018-07-25,83.18,83.56,-0.5139999999999985,0.19279973647796797,1.1885015776177985,Positive
2018-07-26,84.43,83.81,-0.5069999999999991,0.4222862696387972,1.184584315276881,Positive
2018-07-27,84.27,84.46,-0.08899999999999872,0.07088825402854826,0.46127648975424584,Positive
2018-07-30,84.48,85.47,-0.539999999999999,0.026845959370054736,0.7945464114826761,Positive
2018-07-31,85.64,86.62,-0.7779999999999997,0.044186996477481345,1.130780261589316,Negative
2018-08-01,86.75,86.3,-0.714,0.012719830815681945,1.0669470464835646,Negative
2018-08-02,86.03,85.54,-0.29900000000000226,0.00962886971175998,0.7510099866180235,Positive
2018-08-03,85.62,86.0,0.0019999999999996505,0.09999231649430758,0.4395270185096702,Positive
2018-08-06,86.05,86.84,-0.014000000000000129,0.12416430606335944,0.45904248169423234,Negative
2018-08-07,86.69,86.15,-0.10000000000000141,0.14596602435261316,0.4223553006652091,Negative
2018-08-08,86.5,85.53,-0.012999999999999474,0.0531290131837589,0.48163886886338403,Negative
2018-08-09,85.12,83.75,0.5810000000000003,-0.05750856811095333,1.040472969374987,Negative
2018-08-10,83.79,84.4,0.7279999999999998,0.007883468368018596,1.1272728152492644,Negative
2018-08-13,83.41,82.56,0.8310000000000002,-0.11904403097536585,1.2741334310032064,Neutral
2018-08-14,82.24,81.86,0.8529999999999999,-0.14660954084076613,1.3034262541471238,Positive
2018-08-15,81.93,82.31,0.5420000000000001,-0.06661478720240305,0.947514643686314,Positive
2018-08-16,81.99,83.41,0.22300000000000175,-0.08167411796241429,0.900564267556737,Positive
2018-08-17,83.73,84.68,-0.5790000000000006,0.08589040779835043,0.9953210537309072,Negative
2018-08-20,84.37,85.05,-0.8749999999999998,0.030400483361643433,1.2570982459617073,Negative
2018-08-21,85.24,84.58,-0.6179999999999992,0.07389760327872318,1.0104771150303204,Negative
2018-08-22,84.29,83.53,-0.013999999999999704,0.015122941381724833,0.6569322643926091,Negative
2018-08-23,83.46,82.43,0.6019999999999996,-0.029013540300941724,0.9562970249875274,Negative
2018-08-24,82.42,82.32,0.7609999999999998,-0.032802263756575335,1.102132478425347,Negative
2018-08-27,80.7,79.69,1.0990000000000006,-0.2981427369097942,1.6321887145792922,Neutral
2018-08-28,80.0,80.26,0.9279999999999998,-0.2612893642617643,1.439813876860478,Negative
2018-08-29,79.94,79.5,0.792,-0.129413559918721,1.2785147633093645,Negative
2018-08-30,79.68,79.06,0.6709999999999978,0.004836105305081643,1.1438461435000746,Negative
2018-08-31,78.61,78.57,0.34400000000000125,0.16680840972446445,0.5721747984663458,Negative
2018-09-04,78.33,77.89,0.5670000000000014,-0.017973381154153353,0.8052974605696975,Positive
2018-09-05,78.0,77.64,0.48899999999999993,-0.00803648830017885,0.6964309010950046,Positive
2018-09-06,77.46,78.79,0.14699999999999833,-0.00936545905275517,0.5392216612859695,Negative
2018-09-07,78.73,78.62,-0.10000000000000285,0.07817945075284062,0.45145985425063084,Negative
2018-09-10,78.42,78.6,-0.23999999999999908,0.08321450214356833,0.4551659038196961,Neutral
2018-09-11,79.06,78.38,-0.12899999999999773,0.07620863479099445,0.40455407549547784,Positive
2018-09-12,78.14,77.45,0.2920000000000016,0.07263309482522187,0.47713310511847734,Positive
2018-09-13,77.76,80.05,-0.17099999999999949,-0.1392095865190741,0.8332826651263049,Negative
2018-09-14,80.46,79.78,-0.40300000000000147,-0.07947038192827299,0.953758879381995,Positive
2018-09-17,79.95,79.33,-0.42300000000000026,0.020309566382877148,0.9598624901515832,Positive
2018-09-18,79.54,80.3,-0.49799999999999867,0.15671777278499147,1.0181041204120511,Positive
2018-09-19,80.5,80.33,-0.10800000000000003,0.22655414509510438,0.3714512081014135,Positive
2018-09-20,80.12,80.91,-0.32599999999999907,-0.010130420284172157,0.5366190455062129,Positive
2018-09-21,80.96,82.55,-0.7049999999999996,-0.09744003828993253,1.0619905837623982,Negative
2018-09-24,82.94,83.75,-0.9120000000000003,-0.5456168573647056,1.3637360448415237,Negative
2018-09-25,83.51,81.61,-0.5400000000000007,-0.36410986367468967,1.2124025734053856,Negative
2018-09-26,80.61,79.91,0.2939999999999999,-0.08745580132826268,1.322930081296817,Positive
2018-09-27,80.13,80.5,0.7939999999999996,0.17092365545047514,1.3835259303677692,Positive
2018-09-28,81.13,81.51,0.5589999999999986,0.32428573085584156,1.3109630048174516,Positive
2018-10-01,81.54,81.54,-0.1460000000000023,0.037011226241867104,0.687156459621827,Positive
2018-10-02,81.41,81.82,-0.4859999999999998,0.037639843533491646,0.7275328171292355,Positive
2018-10-03,82.01,83.52,-0.634999999999998,0.044147958355002945,0.9795999183340085,Neutral
2018-10-04,83.56,82.91,-0.477999999999997,-0.03620117995065592,0.8105060147833543,Positive
2018-10-05,82.26,83.82,-0.564999999999998,-0.06943096617710866,0.904265447753034,Positive
2018-10-08,83.93,84.1,-0.4859999999999997,-0.07460397993122492,0.809879003308519,Positive
2018-10-09,84.1,84.89,-0.3930000000000005,-0.03902494058467841,0.6538317826474953,Negative
2018-10-10,85.07,84.63,-0.4510000000000004,0.012336469659637066,0.692098258919932,Negative
2018-10-11,84.75,84.62,-0.21300000000000224,-0.020325404570322846,0.39168354573558795,Negative
2018-10-12,84.62,82.31,0.384999999999998,-0.1441859434254029,0.9358418669839464,Positive
2018-10-15,82.06,82.31,0.7479999999999989,-0.07941385593602956,1.1813619259143227,Positive
2018-10-16,82.36,83.49,0.45900000000000013,0.027237362745525306,1.0353434212859025,Positive
2018-10-17,82.65,83.5,0.10600000000000152,0.17991528176458885,0.8676543090424897,Positive
2018-10-18,83.48,84.56,-0.5689999999999998,0.17335700747500526,0.8487779450480549,Positive
2018-10-19,86.01,87.52,-1.1489999999999994,-0.10385093964653414,1.7714017048653856,Positive
2018-10-22,88.33,88.83,-1.4700000000000002,-0.17837256972521456,2.1936727194365155,Negative
2018-10-23,89.09,87.51,-1.2290000000000003,-0.08442100947781803,2.0092645420650803,Positive
2018-10-24,87.65,88.5,-0.7870000000000001,0.02521293113061173,1.5063678169690151,Positive
2018-10-25,88.71,89.2,-0.30300000000000155,0.12655360069721258,0.6874125398914398,Positive
2018-10-26,88.94,90.63,-0.5289999999999991,-0.023406936565981043,1.0172629945102665,Negative
2018-10-29,90.38,89.0,-0.5109999999999982,-0.06219934044967574,1.0160590534019145,Positive
2018-10-30,89.25,90.46,-0.3719999999999984,-0.025811920557933077,0.8392472817948209,Negative
2018-10-31,91.2,90.47,-0.23699999999999896,0.015386582226607578,0.7011248105722664,Negative
2018-11-01,90.04,88.07,0.3650000000000006,-0.05186036277721304,1.0177347395073044,Positive
2018-11-02,88.33,88.35,0.36900000000000116,0.03868508740200778,1.0213128805610951,Positive
2018-11-05,88.18,88.75,0.553999999999999,0.07077814558724846,1.0392689738465213,Positive
2018-11-06,88.69,89.55,0.11599999999999945,0.09014673561001692,0.8724769337925232,Negative
2018-11-07,88.76,88.77,-0.2600000000000006,0.1066252483069855,0.49985597925802727,Positive
2018-11-08,89.28,89.07,-0.14599999999999935,-0.010568736262805927,0.3983164571041476,Negative
2018-11-09,88.8,89.48,-0.0980000000000004,0.05955122932658462,0.33950552278276824,Negative
2018-11-12,90.14,89.18,0.0029999999999972566,0.03175870125288193,0.28376046236218505,Negative
2018-11-13,88.07,87.96,0.15099999999999913,0.07001990316469375,0.5184361098534744,Negative
2018-11-14,87.61,86.4,0.6859999999999984,-0.06379147270696471,1.1327559313462008,Negative
2018-11-15,87.05,85.5,1.0740000000000003,-0.12299778868248383,1.5463712361525621,Positive
2018-11-16,84.82,85.83,0.9160000000000008,-0.09375811461762877,1.389209847359283,Positive
2018-11-19,85.7,86.33,0.38299999999999956,0.01447286214136847,0.8453780219523078,Negative
2018-11-20,86.92,87.63,-0.3289999999999978,0.082665307187824,0.7257382448238471,Negative
2018-11-21,88.32,86.55,-0.38999999999999907,0.04982604762310446,0.7307639837868297,Negative
2018-11-23,86.42,83.95,0.3539999999999993,0.018842153874156987,1.2068869043949373,Positive
2018-11-26,83.05,84.05,0.8239999999999995,0.07585761874642713,1.4580315497272323,Positive
2018-11-27,84.05,83.84,1.0079999999999978,0.08732742340395157,1.578728602388641,Positive
2018-11-28,84.2,85.05,0.31099999999999967,0.028031410656856583,1.0265359224108994,Positive
2018-11-29,85.05,86.39,-0.5879999999999995,-0.002689307125424319,0.9688673799855163,Positive
2018-11-30,86.5,86.96,-0.8369999999999987,-0.06598641709682342,1.2402806134097217,Negative
2018-12-03,87.22,86.53,-0.7289999999999991,-0.07541844530878751,1.1506624179141316,Negative
2018-12-04,86.53,87.08,-0.4200000000000001,-0.0944212439046831,0.723253759063857,Negative
2018-12-06,87.41,85.43,0.1799999999999984,-0.06936129387121776,0.5836916994441462,Negative
2018-12-07,85.53,85.29,0.44399999999999673,-0.0833013724732237,0.7569782031207987,Negative
2018-12-10,85.0,84.56,0.5729999999999991,0.044711089707659545,0.905922734012121,Negative
2018-12-11,85.13,84.22,0.6590000000000003,0.050263852149372346,0.9897595667635645,Neutral
2018-12-12,84.65,84.33,0.3270000000000025,0.025125833877397627,0.4992233968876093,Negative
2018-12-13,85.41,83.82,0.31700000000000284,-0.05458204806457581,0.4861522395299687,Negative
2018-12-14,83.59,84.34,0.0840000000000003,-0.011761491812151574,0.24344198487525018,Negative
2018-12-17,83.89,82.5,0.34299999999999925,0.010589302556252752,0.6972058519547869,Negative
2018-12-18,82.63,81.4,0.7179999999999976,-0.08571201341707349,1.1541646329705286,Negative
2018-12-19,80.06,75.17,2.023999999999998,-0.3232201973148821,3.3018879447976417,Negative
2018-12-20,74.75,72.04,3.192999999999998,-0.3500294699164007,4.681785984002258,Negative
2018-12-21,71.49,69.08,3.619999999999999,-0.809433467976229,5.2088324987467205,Negative
2018-12-24,68.95,66.21,3.647000000000003,-0.5544982197015003,5.242499403910318,Positive
2018-12-26,66.43,65.97,2.4230000000000005,0.07505574783806306,3.5177754334238025,Positive
2018-12-27,66.05,66.86,1.3470000000000004,0.15474799585558224,2.285059299011738,Neutral
2018-12-28,66.48,66.68,0.41499999999999737,0.20890397129672614,1.1068333207850223,Positive
2018-12-31,67.65,67.27,-0.28300000000000125,0.11310723807286867,0.4630075593335387,Negative
2019-01-02,66.97,66.76,-0.1990000000000008,0.004840911344428785,0.4212077872024678,Positive
2019-01-03,66.13,67.31,-0.0980000000000004,0.15126808811527048,0.2629524671875102,Positive
2019-01-04,67.02,66.44,0.04400000000000123,0.12279056800623624,0.3418420687978578,Positive
2019-01-07,67.03,69.55,-0.4239999999999996,0.0232898984043745,1.0915053824878727,Negative
2019-01-08,69.19,67.42,-0.35599999999999876,-0.03674714701364848,1.0877610031619984,Positive
2019-01-09,67.68,67.87,-0.21000000000000074,-0.04803924657994692,1.026438502785237,Positive
2019-01-10,68.25,67.91,-0.12600000000000042,0.007286125870257406,1.0066061791982,Positive
2019-01-11,68.18,68.15,0.2309999999999988,-0.026727222756719383,0.7244860247099302,Positive
2019-01-14,68.46,69.5,-0.44399999999999984,-0.005772713147205162,0.7056061224224173,Positive
2019-01-15,69.24,69.62,-0.5090000000000001,-0.045193299016940025,0.7824832266572878,Positive
2019-01-16,69.35,70.5,-0.6650000000000004,-0.011724610767370873,0.969795854806567,Positive
2019-01-17,70.4,70.75,-0.6199999999999987,0.0635821039635465,0.9155675835240107,Positive
2019-01-18,70.61,72.52,-0.7169999999999987,-0.006674281871769486,1.085069583022211,Positive
2019-01-22,73.26,73.79,-1.0359999999999996,-0.027262303142999097,1.5073765289402647,Negative
2019-01-23,73.36,72.81,-0.7660000000000006,-0.10291172319441262,1.2582305035246937,Neutral
2019-01-24,73.17,74.0,-0.6790000000000004,-0.0017272053864141874,1.157386711518671,Negative
2019-01-25,73.55,71.55,0.17300000000000046,-0.10998504568423237,0.8912149011321592,Positive
2019-01-28,72.08,72.73,0.33800000000000086,0.04871075493013773,0.8755249853659249,Positive
2019-01-29,72.61,74.35,-0.1809999999999989,0.0956194646402435,0.999527888555391,Positive
2019-01-30,74.45,74.41,-0.36199999999999904,0.09301676346895765,1.1093854154440637,Positive
2019-01-31,74.85,74.48,-0.7540000000000003,0.23649419853092904,1.1752718834380407,Positive
2019-02-01,74.8,76.72,-0.8110000000000002,-0.04473752097228367,1.2716194399268976,Negative
2019-02-04,77.03,75.73,-0.5070000000000019,-0.11552621824105345,0.9420276004449137,Neutral
2019-02-05,75.51,76.05,-0.45299999999999985,-0.04299450470426253,0.9022061848602009,Neutral
2019-02-06,76.01,75.81,-0.19899999999999932,0.12125430928746932,0.7276647579758121,Positive
2019-02-07,75.54,75.51,0.23399999999999882,0.16545941388373248,0.41557670772072647,Positive
2019-02-08,77.76,76.73,-0.14600000000000088,0.023900399826841563,0.4192183202103644,Positive
2019-02-11,76.99,79.98,-0.8780000000000014,-0.20022503489866578,1.6323431011892082,Positive
2019-02-12,79.56,79.05,-1.0949999999999984,-0.21596399461564078,1.784753204227407,Positive
2019-02-13,79.2,80.6,-1.249999999999997,-0.04919559789453547,1.9440432093963311,Positive
2019-02-14,80.96,81.3,-0.9759999999999971,0.18768837448856332,1.5843408724135069,Positive
2019-02-15,81.11,81.85,-0.5989999999999981,0.21015104668196688,0.9828245011190945,Positive
2019-02-19,82.8,83.46,-1.006999999999999,0.013860402128311232,1.4497641187448382,Positive
2019-02-20,83.53,83.39,-0.7740000000000005,0.006968361851677272,1.137031222086712,Positive
2019-02-21,83.48,85.04,-0.9020000000000025,-0.007328627168645976,1.3219288937004172,Positive
2019-02-22,85.05,85.58,-0.9040000000000016,0.005311070191198505,1.3245165155633234,Positive
2019-02-25,85.48,87.15,-0.9570000000000016,0.06496497763417897,1.4067920955137643,Negative
2019-02-26,87.41,86.6,-0.8529999999999984,0.029365078008440276,1.310654798182954,Positive
2019-02-27,86.31,86.51,-0.395999999999999,0.04938111146889677,0.7596999407660892,Positive
2019-02-28,87.28,87.27,-0.27399999999999947,0.035432265573254254,0.5995798528970104,Neutral
2019-03-01,87.27,86.94,-0.024999999999998492,0.006887397487885219,0.29763064358361996,Positive
2019-03-04,87.42,87.51,-0.2250000000000014,0.040473825995768396,0.3823401626823954,Negative
2019-03-05,87.8,87.28,-0.178,0.04740514212670242,0.34729814281104293,Negative
2019-03-06,86.82,86.98,0.02399999999999814,-0.02471735720683407,0.2113385908914897,Neutral
2019-03-07,86.98,87.02,0.037000000000000456,-0.0527711457892142,0.21740285186722122,Positive
2019-03-08,87.07,86.97,0.13400000000000173,-0.04833346619730725,0.2119811312357796,Positive
2019-03-11,86.91,87.45,-0.03299999999999987,0.009974087171048964,0.1921457779916083,Positive
2019-03-12,87.61,89.24,-0.4949999999999987,0.0032927949651239486,0.872545700808844,Neutral
2019-03-13,89.5,88.8,-0.5829999999999995,-0.048356706710848164,0.9431139909894231,Positive
2019-03-14,88.89,89.5,-0.6409999999999996,-0.02301677314789778,1.0022654339046106,Positive
2019-03-15,89.13,89.79,-0.4940000000000008,0.004479673584696682,0.8203072595070703,Positive
2019-03-18,89.56,90.85,-0.42100000000000065,-0.2979370930038835,0.6887263607558516,Negative
2019-03-19,91.24,90.73,-0.5210000000000007,-0.14009056084961818,0.7704180683239459,Positive
2019-03-20,90.73,90.5,-0.2939999999999996,-0.08160451377528638,0.5336890480420207,Positive
2019-03-21,90.3,90.74,-0.15499999999999822,0.10818824640350147,0.3833223186823294,Negative
2019-03-22,90.34,91.91,-0.2129999999999997,0.37193888565825434,0.4952817380037336,Negative
2019-03-25,91.67,91.17,-0.22899999999999915,0.01417034474280623,0.4993996395673499,Negative
2019-03-26,89.53,88.27,0.4030000000000002,-0.07485826208682926,1.2219558093482767,Negative
2019-03-27,88.61,88.59,0.793999999999998,-0.08262754848006768,1.445899028286553,Negative
2019-03-28,88.27,87.03,1.2339999999999982,-0.08349899234149062,1.8429715136159857,Positive
2019-03-29,87.0,87.28,0.9019999999999994,0.04071843026192416,1.4720108695250864,Positive
2019-04-01,87.48,88.39,0.10699999999999942,0.05577216812157041,0.6314554616122976,Negative
2019-04-02,88.38,88.2,-0.057999999999999864,0.04435397991983152,0.6240961464389927,Negative
2019-04-03,88.65,88.01,-0.2880000000000009,0.11081126600077086,0.531766866211125,Negative
2019-04-04,87.54,85.81,0.3319999999999994,-0.016686101609583434,0.9422823356086011,Negative
2019-04-05,86.09,86.07,0.7030000000000013,-0.00013989761960007876,1.1167022879890613,Negative
2019-04-08,86.11,85.44,0.7460000000000022,-0.05017847577978025,1.1612510495151367,Positive
2019-04-09,85.77,85.31,0.5770000000000008,0.027237205572326954,0.9786603087895226,Positive
2019-04-10,85.23,85.84,0.06999999999999877,0.18813979996966348,0.2786108397029792,Negative
2019-04-11,85.52,85.71,0.03199999999999928,0.06937263578484282,0.2731007140232316,Neutral
2019-04-12,85.76,85.51,-0.05400000000000062,0.10244034495938391,0.18988417522268616,Positive
2019-04-15,86.0,85.77,-0.05899999999999892,-0.007683873434505468,0.19332873557751143,Positive
2019-04-16,86.1,86.19,-0.07599999999999914,-0.022132101433081957,0.22213509403063575,Negative
2019-04-17,86.24,86.21,-0.16799999999999926,-0.07634909410629825,0.2767236889028453,Negative
2019-04-18,86.42,85.48,-0.03799999999999946,-0.051007145063490286,0.3170110408171892,Negative
2019-04-22,85.64,84.49,0.3269999999999997,-0.19030416585868265,0.6311386535461125,Neutral
2019-04-23,84.14,84.29,0.5519999999999982,-0.07089104518895507,0.815313436661016,Neutral
2019-04-24,84.4,84.91,0.37899999999999895,-0.07332559987970183,0.6982721532468534,Negative
2019-04-25,84.73,84.45,0.16399999999999992,0.028301557992124842,0.4299581374971289,Neutral
2019-04-26,83.45,83.59,0.16399999999999862,0.08259425936049147,0.4299581374971264,Positive
2019-04-29,83.94,84.76,0.037999999999999506,0.0045875444180854315,0.46052144358324804,Positive
2019-04-30,84.67,84.9,-0.0290000000000021,0.13448352440866623,0.4947484209171359,Positive
2019-05-01,84.83,86.56,-0.5530000000000002,-0.015990804616386453,0.9677065670956249,Negative
2019-05-02,87.05,85.78,-0.617999999999999,0.030983110845755224,1.0028040685996435,Negative
2019-05-03,85.42,84.92,-0.11999999999999875,0.05563626185855446,0.6897419807435231,Neutral
2019-05-06,85.51,85.7,0.00400000000000068,0.15631560159266858,0.6184626100258601,Negative
2019-05-07,85.22,85.12,0.2959999999999993,0.12637161261284308,0.575416370987131,Negative
2019-05-08,84.61,84.43,0.2499999999999984,-0.04880263901838893,0.5027126415756803,Negative
2019-05-09,84.22,83.81,0.34899999999999937,-0.07681259799786189,0.6393309002386791,Positive
2019-05-10,83.38,83.93,0.48499999999999927,-0.05064699706778782,0.718648731996376,Positive
2019-05-13,83.44,84.54,0.16599999999999945,0.04674534586485109,0.4694933439357797,Neutral
2019-05-14,83.85,83.7,0.07300000000000045,0.13700578071727806,0.3387860681905338,Positive
2019-05-15,83.29,84.09,-0.03299999999999984,0.023847957464389734,0.29316207121658944,Positive
2019-05-16,83.74,85.34,-0.23699999999999913,0.022343562586597015,0.5793444571237389,Positive
2019-05-17,85.35,85.51,-0.3579999999999999,0.0013832856481010667,0.6989878396653268,Positive
2019-05-20,85.74,86.81,-0.764,-0.07716878189606721,1.1071946531662802,Negative
2019-05-21,86.57,86.23,-0.5749999999999998,-0.024522416355877503,0.918337628544099,Negative
2019-05-22,86.45,85.76,-0.15600000000000008,-0.002740507918870613,0.5325035211151183,Negative
2019-05-23,85.37,85.49,0.10900000000000179,0.0249662650736957,0.5017569132558124,Negative
2019-05-24,85.49,86.24,0.18800000000000228,0.08156497677217607,0.4534578260433942,Negative
2019-05-28,86.22,84.64,0.2700000000000016,0.0011659252366846666,0.5898949058942619,Negative
2019-05-29,84.02,81.55,0.9270000000000007,-0.35344224108142547,1.6756443536741326,Negative
2019-05-30,80.74,81.14,1.3389999999999982,-0.26782534905483335,2.0809939932637946,Negative
2019-05-31,81.32,79.6,1.6779999999999997,-0.10478364352611118,2.434728732323172,Negative
2019-06-03,79.31,77.13,1.6970000000000005,-0.056917009387763305,2.463001421030855,Positive
2019-06-04,77.51,78.61,0.9889999999999993,0.13826375215217573,1.6281842647562967,Negative
2019-06-05,79.15,78.5,0.6269999999999992,-0.005532731870405744,1.3295502999134716,Negative
2019-06-06,78.95,77.25,0.33299999999999835,-0.004158865747752036,0.9234587159153346,Positive
2019-06-07,77.55,77.2,0.12199999999999844,0.08724988302249483,0.6690709977274462,Positive
2019-06-10,77.82,78.17,0.2179999999999991,0.004060359532706164,0.6064519766642691,Negative
2019-06-11,78.15,76.96,0.2160000000000009,-0.0178523991704265,0.6042714621757357,Positive
2019-06-12,77.17,78.14,-0.15399999999999928,0.03382142335005403,0.5085115534577377,Negative
2019-06-13,77.74,77.21,0.0010000000000019538,0.06055693393359106,0.51336536696587,Positive
2019-06-14,77.28,77.59,0.0909999999999996,0.0748189243334875,0.4852463291978653,Negative
2019-06-17,77.8,77.2,0.006999999999998007,-0.016480269414198875,0.4126499727371878,Neutral
2019-06-18,77.01,77.99,0.03100000000000016,-0.0648476665947642,0.38794845018378393,Negative
2019-06-19,78.26,77.11,-0.02000000000000024,-0.11807047425268082,0.3293630216038215,Positive
2019-06-20,77.58,76.65,0.19699999999999987,-0.11369616287926564,0.4535372090578649,Positive
2019-06-21,76.13,77.18,0.1379999999999981,-0.1226811554869826,0.4316758042790874,Positive
2019-06-24,77.25,79.22,-0.2530000000000016,-0.4846672255906782,0.904544084055606,Negative
2019-06-25,78.6,77.83,-0.400999999999999,-0.3076533850662175,0.8940111856123479,Positive
2019-06-26,78.0,78.82,-0.4989999999999963,0.0073325047058613166,0.9660848823990529,Negative
2019-06-27,78.9,77.38,2.959391746317551e-15,0.2520145508085506,0.8011891162515854,Positive
2019-06-28,77.5,77.92,0.3049999999999996,0.3661967402934618,0.6792230855911772,Positive
2019-07-01,78.22,78.53,-0.05000000000000153,-0.008326492697202748,0.5151543458032743,Positive
2019-07-02,78.8,77.98,0.05299999999999723,0.007243315595831546,0.503014910315787,Positive
2019-07-03,78.36,79.75,-0.48000000000000104,0.07585411160971152,0.8059627782968647,Positive
2019-07-05,79.98,80.63,-0.6639999999999986,0.07341698809978275,1.0620621450743806,Negative
2019-07-08,80.35,80.12,-0.5829999999999997,0.26307538869603575,0.9926812177129154,Negative
2019-07-09,80.25,79.61,-0.36299999999999943,0.031435539052000194,0.8918161245458598,Positive
2019-07-10,79.64,79.44,0.16400000000000003,0.036110220901379185,0.4240283009422833,Positive
2019-07-11,79.36,80.28,0.13799999999999948,-0.025568944270160304,0.436834064605772,Positive
2019-07-12,80.43,81.26,-0.2950000000000003,-0.07784328356855932,0.6395748587929352,Positive
2019-07-15,81.55,81.89,-0.6380000000000007,-0.08493357892533365,0.9459090865405633,Negative
2019-07-16,82.0,81.47,-0.5670000000000001,-0.1077561281388352,0.8883107564360582,Positive
2019-07-17,81.27,81.58,-0.28099999999999864,0.042106211561531534,0.5472330399381962,Positive
2019-07-18,81.5,81.05,0.07300000000000183,0.09512759654827586,0.28530685235374226,Positive
2019-07-19,84.7,87.71,-1.1219999999999988,-0.362610906961069,2.4995199539111486,Negative
2019-07-22,88.36,88.73,-2.065000000000001,-0.3476405064480513,3.377528090186668,Negative
2019-07-23,88.97,86.95,-1.8420000000000012,-0.17316714231901245,3.229560960873785,Negative
2019-07-24,87.48,86.75,-1.0640000000000007,0.14243540116670714,2.6855643727157257,Negative
2019-07-25,86.42,85.02,0.736,0.7155567819349534,1.2228883841136133,Positive
2019-07-26,85.27,85.63,0.8130000000000022,0.06525191708699062,1.2741993564587952,Positive
2019-07-29,85.84,85.98,0.30600000000000016,0.06716395508006084,0.7128702546747222,Negative
2019-07-30,86.29,86.76,-0.09800000000000192,0.029111301516004717,0.6684130459528776,Negative
2019-07-31,86.02,86.3,-0.36900000000000105,-0.00038529774096237896,0.5909450059015673,Negative
2019-08-01,85.94,83.61,0.372,-0.15659136916717753,1.0886064486305427,Negative
2019-08-02,84.3,82.45,1.0210000000000006,-0.22621752189429362,1.6840783829739048,Negative
2019-08-05,82.7,84.17,0.9029999999999997,-0.17106571423622277,1.6325611780267226,Negative
2019-08-06,83.57,80.26,1.151999999999998,-0.11452228222886399,1.989988944692907,Positive
2019-08-07,81.12,81.32,0.6770000000000007,0.012534090138627498,1.4379346299467164,Positive
2019-08-08,80.36,81.36,0.5030000000000014,-0.004462408385348918,1.3245587944670483,Positive
2019-08-09,81.43,82.48,0.22799999999999992,0.09552886247771408,1.3270478514356596,Positive
2019-08-12,82.43,82.59,-0.5820000000000007,0.17364778418499402,0.8586128347514965,Positive
2019-08-13,82.45,82.38,-0.3350000000000008,0.17005362857177062,0.5641843670290794,Positive
2019-08-14,81.64,83.95,-0.5079999999999995,0.07728853760325001,0.8260121064488112,Positive
2019-08-15,83.51,83.33,-0.3059999999999986,-0.12783155919914058,0.6032777138267256,Positive
2019-08-16,83.93,84.49,-0.47499999999999853,-0.1926617081434803,0.7973054621661633,Negative
2019-08-19,84.73,84.91,-0.5599999999999996,-0.05534301253738376,0.8907614720002208,Negative
2019-08-20,85.65,85.01,-0.37000000000000033,0.28574374468645297,0.6274519901952663,Negative
2019-08-21,84.91,83.0,0.013999999999998786,0.15070636964509457,0.8279710139853934,Negative
2019-08-22,83.42,83.05,0.47899999999999915,0.014823134313865541,0.8886484119155342,Negative
2019-08-23,82.55,82.95,0.5879999999999996,-0.024128926929631533,0.9612408647160194,Negative
2019-08-26,82.79,81.22,0.7630000000000009,-0.07074877843986081,1.2002433086670405,Negative
2019-08-27,81.0,77.73,1.236999999999999,-0.5366614556170107,2.049673144674534,Negative
2019-08-28,75.1,71.7,2.7919999999999985,-2.3083250730298346,4.272980224620749,Positive
2019-08-29,71.92,74.32,2.6780000000000004,-2.049739981220781,4.178777811753098,Negative
2019-08-30,75.28,72.72,2.0409999999999995,-0.6895207921674258,3.499853711228514,Neutral
2019-09-03,72.83,72.09,1.0260000000000007,0.7809865680564549,2.19895793502286,Positive
2019-09-04,72.0,72.66,0.031000000000000038,0.7304949048550361,0.8942572336861434,Neutral
2019-09-05,72.69,73.02,0.26599999999999957,0.08633303883669506,0.7426546976893067,Negative
2019-09-06,73.4,71.95,0.06099999999999987,0.0891848398399003,0.4035542094935916,Positive
2019-09-09,72.26,72.97,-0.1049999999999997,0.027807368396403482,0.4427821134598795,Positive
2019-09-10,73.0,73.3,-0.12300000000000039,-0.031679826060730124,0.462038959396281,Positive
2019-09-11,72.7,74.5,-0.43100000000000016,-0.06588617314683816,0.8166125152114673,Negative
2019-09-12,74.54,75.07,-0.776999999999998,-0.0914640353837603,1.1109887488179142,Negative
2019-09-13,75.21,74.9,-0.5630000000000007,-0.04747498031573724,0.8539648704718483,Negative
2019-09-16,74.31,73.05,0.009999999999999511,-0.1456762078831635,0.8322163180327585,Negative
2019-09-17,72.18,72.6,0.5820000000000007,-0.15230742180250129,1.0064313190675276,Negative
2019-09-18,73.45,72.02,0.8400000000000004,-0.03988978169924442,1.2348182052431864,Negative
2019-09-19,71.87,71.56,0.7710000000000005,0.005926726052366989,1.1537001343503455,Neutral
2019-09-20,71.5,71.71,0.3719999999999996,0.11961231503800164,0.559263801796611,Neutral
2019-09-23,71.21,71.2,0.3109999999999985,-0.10986188837116387,0.471694816592251,Positive
2019-09-24,71.0,72.0,0.039999999999998974,-0.0688362717728245,0.30399999999999794,Positive
2019-09-25,71.16,71.56,-0.029000000000000623,-0.02064116537883065,0.2588899380045489,Positive
2019-09-26,76.93,75.28,-0.7500000000000016,-0.22879103901015657,1.4875214284170837,Positive
2019-09-27,74.91,75.29,-1.1460000000000008,0.07982165713787975,1.8294436312715412,Positive
2019-09-30,75.16,75.13,-0.9989999999999991,0.05440279217079842,1.6984392835777202,Positive
2019-10-01,75.16,75.93,-0.8590000000000002,0.33518240438373376,1.5635011992320318,Positive
2019-10-02,76.21,77.83,-0.5739999999999997,0.29990400194568084,1.007460172910075,Negative
2019-10-03,77.83,76.72,-0.5559999999999985,-0.026973721352931267,0.9971158408128905,Positive
2019-10-04,76.3,76.77,-0.4069999999999991,-0.012964629021300092,0.9043362206613199,Positive
2019-10-07,76.43,78.28,-0.36399999999999855,0.13124210425093305,0.8422968597828188,Negative
2019-10-08,78.1,77.17,-0.024000000000000837,0.1309570427808816,0.6100688485736682,Neutral
2019-10-09,76.71,76.37,0.02999999999999839,0.006655786199479173,0.6597393424679174,Positive
2019-10-10,76.91,77.45,0.05499999999999825,-0.026934495406841858,0.6485799873569952,Positive
2019-10-11,78.04,77.75,0.07800000000000001,0.07353809033700588,0.6345265951873085,Positive
2019-10-14,78.48,77.95,-0.2939999999999998,0.008293478909467751,0.5517390687634862,Positive
2019-10-15,76.93,78.03,-0.3819999999999993,0.016424056191229823,0.6041191935371683,Positive
2019-10-16,78.06,78.32,-0.2019999999999981,-0.01221449073088613,0.29010342983149723,Positive
2019-10-17,78.43,79.1,-0.30699999999999794,-0.1286531097350317,0.4719745755864371,Positive
2019-10-18,80.3,79.85,-0.48699999999999766,-0.21212716794862688,0.7246792393880178,Positive
2019-10-21,79.95,80.55,-0.6569999999999993,-0.21114475408806674,0.9374219967549294,Positive
2019-10-22,80.34,81.8,-0.841000000000001,-0.0367000088049297,1.1973737929318495,Negative
2019-10-23,81.54,81.17,-0.6090000000000017,0.25660226618296006,0.9511803193927025,Positive
2019-10-24,81.34,81.78,-0.44800000000000156,0.19466437305889744,0.7480374322184704,Neutral
2019-10-25,81.89,81.45,-0.17800000000000143,0.11304821515506705,0.4625581044582406,Positive
2019-10-28,80.85,81.98,-0.0640000000000016,0.027909182349362172,0.2890397896484148,Negative
2019-10-29,82.0,82.09,-0.20400000000000057,0.042137095944668954,0.3406229587094804,Negative
2019-10-30,81.54,81.85,-0.07799999999999871,0.010457239437025036,0.21789905919943778,Neutral
2019-10-31,82.02,81.21,0.06100000000000286,0.016970552913649958,0.33296246034651056,Positive
2019-11-01,81.6,81.44,0.19600000000000217,-0.06557879693519117,0.3345803341501143,Positive
2019-11-04,81.83,82.97,-0.1349999999999995,-0.07978491509272753,0.611633877413606,Positive
2019-11-05,82.69,83.44,-0.49400000000000116,-0.06641192588272823,0.8728207146946059,Neutral
2019-11-06,83.71,84.2,-0.7980000000000018,-0.05683828485779418,1.1547016930792149,Negative
2019-11-07,84.35,83.7,-0.5750000000000011,-0.009853830624414497,0.9429315987917699,Negative
2019-11-08,83.87,82.25,0.11799999999999947,-0.046118780274298624,0.6633671683163114,Positive
2019-11-11,82.19,83.57,0.16900000000000112,-0.0555610880181927,0.6446518440212521,Positive
2019-11-12,83.45,83.74,0.10500000000000247,0.0692337249513873,0.6564571577795464,Positive
2019-11-13,83.72,84.46,-0.30099999999999766,0.08490167063557838,0.7179025003438819,Neutral
2019-11-14,84.21,84.73,-0.5850000000000007,0.10004093651452402,0.8656789243131661,Negative
2019-11-15,84.69,83.64,-0.11300000000000227,0.07758903931068317,0.4738522976624697,Positive
2019-11-18,83.89,84.79,-0.12800000000000294,-0.046643601717729785,0.48905623398542064,Negative
2019-11-19,85.0,84.79,-0.07200000000000283,-0.0006804598868863197,0.43833320659060476,Negative
2019-11-20,84.39,83.46,0.13900000000000154,-0.07036649129091174,0.6007794936580352,Negative
2019-11-21,83.22,83.48,0.16500000000000062,-0.15517764703101458,0.6220417992386077,Negative
2019-11-22,83.67,83.46,0.3970000000000026,-0.04384464625831556,0.6483394172807988,Negative
2019-11-25,83.73,82.38,0.48200000000000204,-0.04860047718248976,0.7643454716291617,Neutral
2019-11-26,82.5,82.37,0.3279999999999986,-0.16791226642494314,0.5348644688142956,Positive
2019-11-27,82.56,82.27,0.35100000000000026,-0.06526661501444926,0.5549558541001259,Positive
2019-11-29,82.67,82.48,0.20699999999999777,-0.012245367300350175,0.4390626379003321,Positive
2019-12-02,82.23,82.93,-0.1210000000000022,0.187517096783237,0.23174123500145918,Negative
2019-12-03,82.55,82.6,-0.111999999999999,0.20057979993481287,0.2282980508020184,Neutral
2019-12-04,83.0,82.97,-0.15199999999999958,0.0021312678017359273,0.2670580461248099,Negative
2019-12-05,82.46,82.1,0.07200000000000278,-0.07521333570388844,0.3190360481199604,Positive
2019-12-06,82.07,82.38,0.16000000000000222,-0.1262517236437441,0.329884828387124,Positive
2019-12-09,83.16,83.25,-0.07100000000000085,0.036156108483694854,0.4098292327299283,Positive
2019-12-10,83.77,83.59,-0.2390000000000014,0.10650157450034063,0.5486492504323719,Positive
2019-12-11,83.34,83.9,-0.481000000000003,0.09920236501561797,0.6935877738253509,Positive
2019-12-12,84.25,84.84,-0.557000000000002,0.06472725689686382,0.8047707748172797,Neutral
2019-12-13,84.84,84.05,-0.2849999999999995,-0.09650789885048995,0.533164139829378,Positive
2019-12-16,84.0,84.67,-0.23099999999999868,-0.18760966487386296,0.4721440458165281,Positive
2019-12-17,85.35,86.25,-0.4529999999999986,-0.18191768048818532,0.8338680950845877,Negative
2019-12-18,85.84,85.95,-0.4420000000000003,-0.08359760136646371,0.8229799511531258,Negative
2019-12-19,84.7,85.7,-0.4580000000000011,-0.003596994264843075,0.8296408861670224,Neutral
2019-12-20,85.9,85.99,-0.20899999999999888,-0.024153964427231635,0.5494142335251235,Negative
2019-12-23,86.88,85.27,0.19200000000000159,-0.14572585919223854,0.33072042573751104,Positive
2019-12-24,85.59,86.02,0.029000000000001948,-0.004511131034985628,0.28175166370405,Neutral
2019-12-26,86.02,86.11,-0.08499999999999944,0.22094645244973055,0.3065550521521379,Neutral
2019-12-27,86.24,86.03,-0.09200000000000157,0.24075372377764953,0.30955451862313454,Negative
2019-12-30,86.02,86.31,-0.2090000000000017,0.2596396624435938,0.3546491223730876,Negative
2019-12-31,86.39,85.7,0.04399999999999838,0.018705246271304394,0.1968349562450732,Negative
2020-01-02,85.71,85.09,0.23699999999999902,-0.1251944169420317,0.42700819664263967,Positive
2020-01-03,85.51,85.19,0.29000000000000054,-0.4971187902306815,0.47047210331750855,Positive
2020-01-06,85.03,85.03,0.3070000000000006,-0.20823298709091634,0.4847102227104361,Positive
2020-01-07,84.91,86.02,-0.05799999999999848,-0.38805002845456454,0.3876390073251129,Positive
2020-01-08,85.63,86.4,-0.34500000000000025,-0.12878216070083506,0.5576593942542353,Positive
2020-01-09,86.8,88.04,-0.7070000000000023,-0.03621512162697475,1.0794924733410631,Negative
2020-01-10,88.37,88.28,-0.8520000000000009,-0.06193939231273491,1.2344002592352301,Negative
2020-01-13,88.96,87.46,-0.47599999999999887,0.08917434682429864,0.8903931715820836,Positive
2020-01-14,87.41,87.82,-0.22599999999999595,-0.01771639285592559,0.6578753681359398,Positive
2020-01-15,87.7,87.58,0.13800000000000232,0.027697968576372148,0.2986369032788846,Positive
2020-01-16,87.31,88.32,-0.019999999999998904,0.06246950892793584,0.3529532546952932,Positive
2020-01-17,88.62,88.56,-0.2700000000000016,0.07870574559130222,0.42494234903102013,Positive
2020-01-21,88.58,88.69,-0.27200000000000124,0.034364629486686796,0.42725168226702276,Negative
2020-01-22,88.44,88.87,-0.29500000000000154,-0.07850287168949653,0.449292777596081,Negative
2020-01-23,88.57,88.98,-0.16300000000000234,-0.09068867681196786,0.23243063481391968,Negative
2020-01-24,88.56,87.08,0.26700000000000024,-0.06419102592363342,0.6932416606061715,Negative
2020-01-27,86.83,86.15,0.6869999999999988,0.2236664359760538,1.1359330966214511,Negative
2020-01-28,85.45,84.71,1.1150000000000015,0.09923443322451142,1.6288327108699683,Negative
2020-01-29,84.55,84.68,1.0969999999999998,-0.008458106580455527,1.6102049558984728,Negative
2020-01-30,84.87,83.96,0.7710000000000001,-0.022360416982179804,1.1329360087842577,Negative
2020-01-31,83.21,84.33,0.4390000000000013,-0.08919350006053461,0.7437365124827511,Negative
2020-02-03,84.19,82.7,0.43699999999999906,-0.06412804883066428,0.7400162160385397,Positive
2020-02-04,82.64,83.0,0.4620000000000003,0.0888347090823677,0.7627738852372965,Positive
2020-02-05,83.02,83.6,0.20499999999999954,0.03559483097471201,0.5998133042872568,Positive
2020-02-06,83.6,83.94,-0.01199999999999908,0.04014762706333217,0.5969120538236751,Positive
2020-02-07,84.8,86.18,-0.7900000000000005,-0.11366148555593462,1.2279022762418863,Positive
2020-02-10,86.3,87.45,-1.1480000000000017,-0.10873511156363924,1.6935595649400732,Positive
2020-02-11,87.34,88.75,-1.3810000000000011,-0.09971243786667744,1.9849292178815874,Neutral
2020-02-12,88.75,89.44,-1.3569999999999993,0.014835417766506452,1.956480513575333,Negative
2020-02-13,89.0,87.9,-0.542999999999999,0.12589984728841788,1.1176153184347435,Positive
2020-02-14,88.84,88.82,-0.18899999999999845,0.04065468362829678,0.7081073364963787,Negative
2020-02-18,88.88,88.5,0.11200000000000052,0.1448177664914637,0.4985739664282494,Negative
2020-02-19,88.29,87.44,0.3400000000000006,0.054366115576173504,0.6982263243390338,Positive
2020-02-20,87.81,87.88,0.1420000000000015,0.002906135700199946,0.4903223429541006,Negative
2020-02-21,87.5,87.44,0.33799999999999947,0.0359559000960822,0.5590563477861593,Negative
2020-02-24,86.86,89.64,-0.22800000000000023,-0.12496114752558662,0.8269461893013367,Negative
2020-02-25,88.22,85.57,0.19800000000000056,-0.23069073077790261,1.2970674616225657,Negative
2020-02-26,85.93,85.0,0.7629999999999996,-0.19211035678414515,1.6689110221938146,Negative
2020-02-27,85.0,86.25,0.7019999999999993,-0.21770381986122894,1.644907292220447,Negative
2020-02-28,84.86,83.07,1.2460000000000009,-0.21666137367836466,2.146519042543068,Positive
2020-03-02,81.0,81.87,0.9329999999999986,-0.2711705864857699,1.6315440539562502,Positive
2020-03-03,81.61,84.97,0.4439999999999997,-0.11248245464988706,1.5579525024852325,Positive
2020-03-04,84.88,83.5,0.3599999999999991,0.0947600935895226,1.5252593222137663,Positive
2020-03-05,84.34,88.74,-1.297,0.1782147816652148,2.372163569402412,Negative
2020-03-06,86.68,87.86,-1.5749999999999982,0.17219705328615856,2.586978159938732,Negative
2020-03-09,84.57,87.27,-0.8959999999999992,0.0006345664701365946,1.9388594585477292,Negative
2020-03-10,82.17,81.63,0.5210000000000011,-0.14874247376072314,2.7468891495653764,Negative
2020-03-11,83.28,84.73,1.424999999999998,-0.12878844570705883,2.579896121939796,Negative
2020-03-12,82.04,79.84,1.857999999999998,-0.033375980259659245,3.1207088938252467,Negative
2020-03-13,73.54,72.25,3.1829999999999976,-0.09332165670312509,5.126931245881886,Positive
2020-03-16,75.12,79.5,1.6739999999999988,-0.0694597630409343,4.111627415026804,Negative
2020-03-17,70.76,69.6,3.0600000000000023,-0.086426796562614,5.4994857941447615,Negative
2020-03-18,71.67,73.99,1.435000000000001,-0.08816787798366377,4.035138659327585,Negative
2020-03-19,70.4,64.91,2.019000000000002,-0.09180780498325183,4.822617546519734,Negative
2020-03-20,64.09,66.43,3.082999999999997,-0.012512239752906716,5.3114615690975295,Negative
2020-03-23,64.9,61.09,2.4579999999999966,-0.022021402843240296,4.359658702238052,Positive
2020-03-24,58.96,59.98,3.183999999999999,-0.03359165779008414,4.9592257460212466,Positive
2020-03-25,61.12,63.6,0.9069999999999996,0.05615529183953237,2.3806503313170557,Positive
2020-03-26,61.67,66.07,-0.17899999999999744,0.024475463668738522,2.5836609684709027,Positive
2020-03-27,66.08,71.16,-2.6229999999999984,0.14430692988139482,3.9904135124069517,Positive
2020-03-30,68.64,69.15,-2.5900000000000007,0.11182383997530679,3.9636619432035327,Positive
2020-03-31,70.32,72.55,-2.098000000000001,0.05015631221619971,3.2807108985706126,Positive
2020-04-01,72.57,72.96,-1.5170000000000003,-0.03840916243813716,2.532298560596676,Neutral
2020-04-02,69.77,71.12,-0.3730000000000004,-0.010592468487388994,1.3381987894180705,Positive
2020-04-03,70.26,74.34,-0.895,0.044964173179183116,1.7659966024882356,Positive
2020-04-06,75.44,73.46,-0.32000000000000023,0.09624873563033844,1.0659005582135688,Positive
2020-04-07,75.38,75.68,-0.7780000000000016,0.18645739047489088,1.510952017768931,Negative
2020-04-08,76.87,74.51,-0.812,-0.011154047841749788,1.524839663702385,Neutral
2020-04-09,75.17,74.66,-0.16899999999999998,-0.04095071939340309,0.7100422522639096,Positive
2020-04-13,75.92,75.34,-0.27400000000000085,-0.13553996867576476,0.7669159015172434,Positive
2020-04-14,75.01,73.95,0.263000000000001,-0.045468724930163754,0.6145372242590368,Positive
2020-04-15,74.35,77.18,-0.46300000000000097,0.03202307127350601,1.1175222592861422,Negative
2020-04-16,75.6,75.44,-0.3400000000000004,0.06787215636485433,1.0757992377762704,Positive
2020-04-17,76.0,75.39,-0.15899999999999886,0.15458520325012556,1.0254950024256593,Positive
2020-04-20,76.42,77.96,-0.6229999999999973,0.039671103569857785,1.4227382050117288,Negative
2020-04-21,76.14,76.86,-0.18799999999999814,0.012206087178748777,1.0057355517232147,Negative
2020-04-22,72.98,72.28,0.48499999999999954,-0.087988895352427,1.910409380211475,Positive
2020-04-23,73.67,73.06,1.0339999999999987,-0.053186949076141445,2.166785637759303,Positive
2020-04-24,73.06,71.78,1.6159999999999977,0.02482135670053602,2.5250299008130552,Positive
2020-04-27,72.5,73.67,0.6879999999999993,0.11051073931813486,1.7863034456664963,Positive
2020-04-28,74.05,74.92,-0.5890000000000004,0.13935579002742993,1.0995344469365207,Positive
2020-04-29,76.31,77.25,-1.1519999999999995,0.0023115437024896416,1.8567347683500726,Negative
2020-04-30,78.2,76.5,-1.3019999999999992,0.004182991929508948,1.9647554555211186,Negative
2020-05-01,75.95,74.6,-0.34399999999999825,-0.2000070325136549,1.3034630796459101,Negative
2020-05-04,74.55,73.28,0.5930000000000009,-0.12967197478049763,1.4111555548556654,Negative
2020-05-05,73.02,73.31,1.1099999999999992,0.04076621996634748,1.630109198796203,Negative
2020-05-06,73.82,72.2,0.9889999999999983,0.11620728175951861,1.4725542434830696,Negative
2020-05-07,72.43,71.5,0.7279999999999986,0.11065994332883314,1.0603848358025476,Negative
2020-05-08,72.73,70.14,0.809,-0.07705302300605918,1.1888750985700733,Positive
2020-05-11,71.49,72.0,0.4680000000000003,-0.11063054740532816,1.031620085108855,Negative
2020-05-12,71.75,71.28,0.13400000000000006,0.02580757752234394,0.7223738644220183,Negative
2020-05-13,71.83,69.87,0.21199999999999897,0.21896910267609432,0.8168329082499052,Negative
2020-05-14,69.71,68.79,0.48299999999999826,0.08093662241914747,1.1201535609013593,Negative
2020-05-15,68.56,67.96,1.0570000000000004,-0.01757789594195147,1.5019320890106858,Positive
2020-05-18,68.23,67.78,0.8910000000000006,-0.014278217558708355,1.3020691225891212,Positive
2020-05-19,69.52,68.25,0.42500000000000115,-0.07921144025140686,0.7521967827636623,Positive
2020-05-20,68.17,68.51,0.026999999999999483,-0.02895466123497318,0.36438441239987523,Positive
2020-05-21,68.81,70.47,-0.5750000000000015,0.0012608416371717487,0.9704967800049622,Positive
2020-05-22,69.95,70.5,-0.7659999999999996,-0.08312233674286945,1.1532458541005026,Positive
2020-05-26,70.5,70.45,-0.639,0.16343051917771684,1.0289334283616207,Positive
2020-05-27,71.52,72.13,-0.7219999999999985,0.016487342745993956,1.1473168699186782,Positive
2020-05-28,73.5,73.91,-0.850999999999999,-0.0020577830396182363,1.368800935125336,Negative
2020-05-29,74.68,73.51,-0.9480000000000001,-0.013642327033305986,1.4524186724219703,Neutral
2020-06-01,72.95,73.36,-0.7199999999999999,-0.13277163252061042,1.2601015832066866,Positive
2020-06-02,73.35,73.79,-0.2770000000000021,0.13014212966890154,0.6357357941786846,Positive
2020-06-03,74.32,73.73,0.00799999999999844,0.11378263343268374,0.19839354828219555,Positive
2020-06-04,74.4,74.21,-0.17699999999999816,0.0677357923576576,0.28941319942255334,Positive
2020-06-05,73.97,75.19,-0.4079999999999983,0.0743542097818173,0.6278725985420909,Positive
2020-06-08,76.5,75.91,-0.5699999999999974,-0.06254509742265522,0.8512954833663781,Positive
2020-06-09,75.53,77.7,-0.9639999999999999,-0.08320062307458924,1.39897676892792,Negative
2020-06-10,77.0,75.65,-0.5390000000000025,0.020665559493911623,1.1420753039970726,Negative
2020-06-11,76.13,75.14,0.035999999999998825,0.010910684367337857,0.9362350132311875,Negative
2020-06-12,73.9,71.25,1.1879999999999997,-0.011741416146800505,2.12312034515239,Positive
2020-06-15,72.63,70.42,1.8960000000000001,-0.0891301507426862,2.759923187336924,Positive
2020-06-16,69.95,72.2,1.1619999999999995,-0.11927018702400831,2.09465414806359,Positive
2020-06-17,73.93,74.66,0.0010000000000002915,-0.07565033601572776,1.862273878891071,Negative
2020-06-18,74.95,74.09,-0.992,0.08388426827110243,1.6229430057768504,Negative
2020-06-19,73.74,74.6,-1.0249999999999984,0.1272064566954409,1.6499648481104054,Negative
2020-06-22,74.0,72.2,0.006000000000000452,-0.054547143245298114,1.1199285691507266,Negative
2020-06-23,72.11,72.04,0.712999999999998,-0.015688177291247347,1.159627526406644,Negative
2020-06-24,72.73,71.49,0.776,-0.030527829014795286,1.226582243471671,Negative
2020-06-25,70.68,70.09,0.9729999999999984,0.025887576470630308,1.4611310687272352,Neutral
2020-06-26,70.14,70.67,0.5010000000000004,0.21209498714395503,0.8068060485643377,Negative
2020-06-29,70.11,68.87,0.7159999999999993,-0.10563986149878105,1.1062079370534266,Positive
2020-06-30,69.4,70.51,0.3179999999999976,0.011793564596883544,0.8582214166519007,Negative
2020-07-01,70.04,70.06,0.021999999999999808,0.05490279652071665,0.6308090043745407,Positive
2020-07-02,70.13,69.99,0.01700000000000155,0.1310039770298434,0.6304918714781338,Positive
2020-07-06,71.0,70.46,-0.26599999999999674,0.2370892594116494,0.5915876942601138,Positive
2020-07-07,71.24,70.6,-0.05799999999999709,-0.0015422685984606973,0.2492067414818465,Positive
2020-07-08,70.0,72.94,-0.636999999999999,-0.24306329340198315,1.0898073224198856,Negative
2020-07-09,72.99,72.3,-0.7100000000000005,-0.2742728749337445,1.148257810772478,Neutral
2020-07-10,71.89,70.14,-0.10600000000000144,-0.15813545233974224,1.1162508678608052,Positive
2020-07-13,70.7,72.96,-0.19200000000000034,0.0023771026944656107,1.1908047698930322,Positive
2020-07-14,72.75,73.5,-0.17800000000000013,0.22036973836137233,1.1770879321444074,Positive
2020-07-15,73.29,74.31,-0.7380000000000009,0.055283226329735084,1.413964638878922,Positive
2020-07-16,74.95,75.0,-1.1070000000000002,0.020263911129223437,1.6722248652618465,Negative
2020-07-17,74.75,75.35,-0.6279999999999992,0.11125956306537269,0.8943511614572883,Negative
2020-07-20,75.8,75.03,-0.4099999999999991,0.09248077908859138,0.662462074386148,Neutral
2020-07-21,74.6,72.89,0.2810000000000003,-0.013834651928610454,0.8809449472015818,Positive
2020-07-22,75.15,75.92,0.06199999999999886,-0.16029252280209955,1.0286573773613832,Positive
2020-07-23,76.11,76.0,-0.2190000000000013,-0.1531118609420551,1.1326676476354391,Positive
2020-07-24,75.81,76.3,-0.5649999999999992,-0.08352013937927784,1.243340661283141,Positive
2020-07-27,77.0,76.85,-0.8299999999999979,0.03792398198920277,1.389869058580698,Positive
2020-07-28,76.8,78.54,-0.6090000000000004,-0.02757054792924012,0.9658240005301194,Negative
2020-07-29,78.64,77.97,-0.6180000000000004,-0.013354257772755063,0.9734351544915587,Negative
2020-07-30,77.85,78.39,-0.5300000000000009,0.0478110629376361,0.8827910284999534,Negative
2020-07-31,77.78,77.45,-0.1050000000000009,0.13930308172865719,0.6231532716755995,Negative
2020-08-03,77.76,76.81,0.39800000000000046,0.0938983487747022,0.6359371038082308,Neutral
2020-08-04,76.52,76.53,0.4459999999999995,0.02668964213264598,0.6939740629158982,Positive
2020-08-05,76.11,77.1,0.35000000000000114,0.06317757499135039,0.6440372660025195,Neutral
2020-08-06,77.12,76.96,0.06900000000000257,0.00043506809789671297,0.30548322376196035,Positive
2020-08-07,76.3,77.12,-0.1049999999999997,0.11873563026963156,0.21767866225241175,Positive
2020-08-10,76.58,77.5,-0.19600000000000076,0.029591840415193055,0.3124355933628561,Positive
2020-08-11,77.48,78.37,-0.3080000000000026,-0.015436476282061386,0.5123280199247383,Positive
2020-08-12,78.97,78.72,-0.4770000000000008,-0.07603885430576772,0.6939048926185789,Negative
2020-08-13,79.15,79.69,-0.6359999999999983,-0.15745619652813528,0.9103625651354501,Negative
2020-08-14,78.86,78.14,-0.2599999999999991,-0.1088887349910318,0.7224569191308217,Positive
2020-08-17,77.77,77.71,0.19000000000000206,0.1226640344703277,0.6680898143213984,Positive
2020-08-18,77.71,78.26,0.2899999999999991,0.14344625202691855,0.6746436096191828,Positive
2020-08-19,78.56,79.18,0.08999999999999758,0.13215500440236672,0.7271478529157616,Negative
2020-08-20,79.11,78.7,-0.2590000000000018,-0.017817112308808503,0.5023305684507005,Neutral
2020-08-21,78.36,78.22,-0.1460000000000007,-0.041701133943258445,0.49507979154880066,Positive
2020-08-24,78.31,78.06,0.13600000000000137,-0.020557035317683135,0.4076076544914256,Positive
2020-08-25,78.33,79.63,-0.02599999999999771,0.07495775683588178,0.5862559168144907,Positive
2020-08-26,80.24,79.62,-0.32499999999999996,0.09378921377337296,0.6700328350163143,Positive
2020-08-27,78.44,79.98,-0.5080000000000012,-0.056132475120380824,0.7977067130217727,Positive
2020-08-28,80.05,80.0,-0.4230000000000003,-0.09665677422872408,0.7178412080676335,Neutral
2020-08-31,79.73,80.74,-0.2599999999999991,-0.05039694030556794,0.4072149309639793,Negative
2020-09-01,80.49,79.79,-0.10999999999999936,0.003825479070392752,0.3829151342007745,Negative
2020-09-02,79.14,79.04,0.20899999999999896,0.021077334794373383,0.5428075165286457,Positive
2020-09-03,79.06,79.98,0.17399999999999805,0.006211151354692154,0.5428075165286457,Negative
2020-09-04,80.35,79.32,0.26500000000000046,-0.044215436333781485,0.5866378780815281,Positive
2020-09-08,79.97,79.15,0.10000000000000135,-0.05832945145071263,0.36642052344267,Positive
2020-09-09,79.31,79.03,0.08500000000000085,-0.07672610757418011,0.3537569787297487,Positive
2020-09-10,79.57,80.47,-0.06899999999999985,-0.07794373554340801,0.5489262245511684,Positive
2020-09-11,80.4,80.41,-0.35,0.0260564429677489,0.6308597308435514,Positive
2020-09-14,80.76,81.23,-0.5539999999999992,0.07533500944708883,0.8424345671920156,Neutral
2020-09-15,81.56,81.94,-0.6579999999999998,0.04791038885754971,0.9704761717837277,Negative
2020-09-16,82.46,81.4,-0.3390000000000014,0.0468169189799615,0.5805170109480009,Negative
2020-09-17,81.59,80.6,-0.054999999999999556,-0.0355731919881396,0.5544943642635173,Negative
2020-09-18,80.07,79.47,0.48600000000000143,-0.13557039938756948,0.8451603398172456,Negative
2020-09-21,78.75,78.08,0.9650000000000004,-0.389021559930863,1.386137078358415,Negative
2020-09-22,78.08,77.83,0.966000000000001,-0.23682060847993808,1.3873226012719622,Negative
2020-09-23,77.92,77.01,0.8819999999999975,-0.060032631781291826,1.2765798055742512,Negative
2020-09-24,76.48,75.5,0.9009999999999987,0.10698452706594083,1.306589453500983,Positive
2020-09-25,75.61,76.35,0.5790000000000004,0.208976254862096,0.9505072330077242,Negative
2020-09-28,75.68,75.4,0.5519999999999997,0.054225898772084995,0.9195520648663663,Negative
2020-09-29,76.3,76.31,0.1499999999999997,0.06129058724701781,0.5972805036161819,Negative
2020-09-30,75.79,74.34,0.23599999999999852,0.03489066280726346,0.7351462439542195,Positive
2020-10-01,74.51,74.99,0.3780000000000001,-0.0768051553009886,0.7735476714463033,Negative
2020-10-02,74.7,74.14,0.3840000000000018,-0.05050041671276722,0.7803742691811417,Positive
2020-10-05,73.58,74.46,0.39000000000000185,0.04576704213722118,0.7832598547097899,Positive
2020-10-06,74.78,75.91,-0.2609999999999987,0.0831087273229115,0.6365343667077199,Positive
2020-10-07,76.29,75.5,-0.27900000000000075,0.10847659877982492,0.6495229018287192,Positive
2020-10-08,76.93,79.05,-1.0859999999999999,-0.10836328014897169,1.7444242603220121,Negative
2020-10-09,79.09,78.33,-1.088,-0.2517725483558022,1.7463447540505863,Positive
2020-10-12,79.06,78.88,-0.8769999999999994,-0.06539090975716173,1.517769415952238,Positive
2020-10-13,79.13,79.32,-0.746999999999998,0.12237529527016883,1.396060170623027,Negative
2020-10-14,79.29,79.21,-0.13099999999999862,0.2455098300315843,0.3474132985364821,Neutral
2020-10-15,78.48,78.91,-0.14899999999999947,0.06863690300057687,0.3444996371551047,Negative
2020-10-16,78.17,79.14,-0.011000000000001344,0.012097149114455868,0.1710438540258016,Negative
2020-10-19,79.35,79.27,0.01699999999999874,0.051880053623357465,0.14324803663575875,Negative
2020-10-20,78.9,77.84,0.23799999999999816,-0.002434017574677657,0.5312099396660394,Negative
2020-10-21,77.57,73.33,1.2459999999999996,-0.319709367106992,2.241387070543595,Positive
2020-10-22,73.93,73.82,1.658000000000001,-0.4589671182009445,2.5887216922643517,Positive
2020-10-23,74.38,74.86,1.2839999999999998,-0.24804410392600576,2.328283487894033,Negative
2020-10-26,75.26,74.45,0.525,0.2099265357896562,1.5793036440153005,Negative
2020-10-27,73.8,73.65,-0.12700000000000242,0.25934719917527604,0.555604175650256,Negative
2020-10-28,73.32,71.33,0.6189999999999983,0.03615981837689983,1.2256818510527117,Negative
2020-10-29,70.19,70.04,1.275999999999999,-0.04840874770209532,1.8679036377714984,Positive
2020-10-30,69.66,70.64,1.1230000000000002,-0.12508507723174847,1.724104405191287,Positive
2020-11-02,70.12,71.02,0.5950000000000015,-0.08588574348909568,1.2343840569287998,Positive
2020-11-03,71.91,71.63,-0.15799999999999842,0.033138358839963356,0.5539458457286199,Negative
2020-11-04,72.11,71.82,-0.4549999999999968,0.06457314923357053,0.6505997233322454,Negative
2020-11-05,72.19,71.54,-0.2600000000000007,0.07859216517294897,0.4350632137977181,Negative
2020-11-06,72.12,70.9,0.03299999999999701,0.003939973807529447,0.3582401429209159,Positive
2020-11-09,71.02,70.45,0.3279999999999973,-0.0496713928073106,0.5126948410116848,Positive
2020-11-10,72.8,71.63,0.14699999999999977,-0.16758191416443854,0.5126948410116848,Positive
2020-11-11,72.64,74.75,-0.7149999999999977,-0.1436319484703114,1.5110870259518463,Positive
2020-11-12,74.8,75.11,-1.271999999999998,0.015923261702510808,1.9682926611660156,Positive
2020-11-13,74.69,74.5,-1.158,0.08484589204869465,1.8830443436095707,Positive
2020-11-16,75.0,75.89,-0.8270000000000004,0.16690958346377555,1.450980358240595,Positive
2020-11-17,77.38,78.63,-0.853999999999999,0.038002334496571706,1.5021797495639444,Negative
2020-11-18,77.96,78.38,-1.0669999999999986,0.010464378381513354,1.695610804400583,Negative
2020-11-19,78.74,77.47,-0.8429999999999991,0.07132658641179074,1.5659450820510896,Negative
2020-11-20,77.47,77.51,-0.20800000000000082,0.08257511967739192,0.9607830140047211,Negative
2020-11-23,77.08,76.73,0.4669999999999972,0.02607614076619552,0.6852036193716401,Positive
2020-11-24,76.04,76.63,0.42399999999999943,-0.022760856662654434,0.6330118482303461,Positive
2020-11-25,77.01,78.02,-0.02199999999999851,-0.043049415627688103,0.52178156349185,Negative
2020-11-27,77.84,76.89,-0.004999999999998306,0.02452538292814901,0.5292863119333425,Negative
2020-11-30,76.59,75.9,0.1399999999999992,0.13883616299926632,0.683303739196557,Positive
2020-12-01,75.72,75.75,0.387999999999998,-0.025181885565309786,0.813225675935036,Positive
2020-12-02,76.02,77.03,0.3119999999999989,-0.16799247637282394,0.828043477119406,Positive
2020-12-03,77.19,78.07,-0.3489999999999982,-0.18177367310593828,0.8438578079273751,Positive
2020-12-04,78.05,78.5,-0.7519999999999979,-0.09875909314761595,1.1095764957856644,Positive
2020-12-07,78.53,80.75,-1.147,0.16464376904898886,1.6624560144557206,Positive
2020-12-08,80.92,81.68,-1.1980000000000015,0.06828788604200922,1.733696628594521,Positive
2020-12-09,81.11,82.64,-1.2320000000000022,-0.02232568045421959,1.7771595313870983,Positive
2020-12-10,83.12,84.61,-1.4109999999999996,-0.11463528274193148,2.0235671473909633,Positive
2020-12-11,84.12,84.97,-1.136999999999999,-0.22938885815802426,1.6360317845323162,Negative
2020-12-14,84.0,85.0,-0.8969999999999985,-0.05054665494199587,1.3640381226344054,Negative
2020-12-15,85.72,84.4,-0.3910000000000007,-0.23541075071967596,0.871518215529658,Positive
2020-12-16,84.76,84.29,0.12099999999999803,-0.13201319346334353,0.28931643575849325,Positive
2020-12-17,84.34,85.63,-0.061000000000000006,-0.062042686240710555,0.48188795378178534,Negative
2020-12-18,85.82,85.67,-0.25699999999999923,0.022371462790849884,0.5847871407614879,Negative
2020-12-21,85.38,86.09,-0.475999999999999,0.05636809861309924,0.730030136364244,Negative
2020-12-22,84.53,84.17,-0.021999999999999745,-0.015224301417568675,0.7851624035828497,Negative
2020-12-23,82.53,82.19,0.8379999999999995,0.06965273648647485,1.4357158493239541,Positive
2020-12-24,82.45,82.2,1.0839999999999999,0.13308468827321734,1.6541777413567151,Neutral
2020-12-28,82.16,82.51,0.9129999999999993,0.47533496357474236,1.5178985473344395,Negative
2020-12-29,82.81,82.49,0.30400000000000055,0.07948150651077801,0.7416845690723254,Negative
